name	frame	sheet	col	row
acid beam h	0	Objects/Effect0.png	5	19
acid beam h	1	Objects/Effect1.png	5	19
acid beam l	0	Objects/Effect0.png	6	19
acid beam l	1	Objects/Effect1.png	6	19
acid beam r	0	Objects/Effect0.png	7	19
acid beam r	1	Objects/Effect1.png	7	19
acid beam v	0	Objects/Effect0.png	4	19
acid beam v	1	Objects/Effect1.png	4	19
acid blob	0	Characters/Slime0.png	0	2
acid blob	1	Characters/Slime1.png	0	2
acid pool center	0	Objects/Pit0.png	1	31
acid pool center	1	Objects/Pit1.png	1	31
acid pool divider	0	Objects/Pit0.png	6	30
acid pool divider	1	Objects/Pit1.png	6	30
acid pool left down	0	Objects/Pit0.png	5	30
acid pool left down	1	Objects/Pit1.png	5	30
acid pool left right up	0	Objects/Pit0.png	4	30
acid pool left right up	1	Objects/Pit1.png	4	30
acid pool left right	0	Objects/Pit0.png	4	31
acid pool left right	1	Objects/Pit1.png	4	31
acid pool left up	0	Objects/Pit0.png	0	30
acid pool left up	1	Objects/Pit1.png	0	30
acid pool left	0	Objects/Pit0.png	0	31
acid pool left	1	Objects/Pit1.png	0	31
acid pool right down	0	Objects/Pit0.png	7	30
acid pool right down	1	Objects/Pit1.png	7	30
acid pool right up	0	Objects/Pit0.png	2	30
acid pool right up	1	Objects/Pit1.png	2	30
acid pool right	0	Objects/Pit0.png	2	31
acid pool right	1	Objects/Pit1.png	2	31
acid pool up	0	Objects/Pit0.png	1	30
acid pool up	1	Objects/Pit1.png	1	30
acid tile	0	Objects/Tile.png	4	0
acid tome	0	Items/Book.png	2	7
adamantine wand	0	Items/Wand.png	4	5
agate ring	0	Items/Ring.png	2	2
aide	0	Characters/Player0.png	1	1
aide	1	Characters/Player1.png	1	1
air elemental	0	Characters/Elemental0.png	1	3
air elemental	1	Characters/Elemental1.png	1	3
aklys	0	Items/ShortWep.png	0	2
albatross	0	Characters/Avian0.png	5	4
albatross	1	Characters/Avian1.png	5	4
alert box	0	GUI/GUI0.png	12	3
alert box	1	GUI/GUI1.png	12	3
aligned priest	0	Characters/Humanoid0.png	0	23
aligned priest	1	Characters/Humanoid1.png	0	23
altar	0	Objects/Decor0.png	0	20
aluminum falcon	0	Characters/Avian0.png	5	2
aluminum falcon	1	Characters/Avian1.png	5	2
aluminum wand	0	Items/Wand.png	7	1
amethyst pendant	0	Items/Amulet.png	1	0
amulet of yendor	0	Items/Amulet.png	1	2
ancient blue scroll	0	Items/Scroll.png	2	4
ancient cyan scroll	0	Items/Scroll.png	7	2
ancient dark scroll	0	Items/Scroll.png	4	4
ancient gray scroll	0	Items/Scroll.png	3	3
ancient green scroll	0	Items/Scroll.png	7	3
ancient orange scroll	0	Items/Scroll.png	0	3
ancient red scroll	0	Items/Scroll.png	2	3
ancient white scroll	0	Items/Scroll.png	6	2
ancient yellow scroll	0	Items/Scroll.png	1	4
angel	0	Characters/Humanoid0.png	0	16
angel	1	Characters/Humanoid1.png	0	16
angled poleaxe	0	Items/LongWep.png	0	4
animal hide	0	Items/Armor.png	6	8
anti magic field tile	0	Objects/Trap0.png	7	1
ape	0	Characters/Misc0.png	1	3
ape	1	Characters/Misc1.png	1	3
apple	0	Items/Food.png	0	2
aquamarine pendant	0	Items/Amulet.png	6	0
arc bug	0	Characters/Pest0.png	1	8
arc bug	1	Characters/Pest1.png	1	8
arch priest	0	Characters/Player0.png	0	8
arch priest	1	Characters/Player1.png	0	8
archaeologist	0	Characters/Player0.png	3	4
archaeologist	1	Characters/Player1.png	3	4
archlich	0	Characters/Undead0.png	7	2
archlich	1	Characters/Undead1.png	7	2
archmage	0	Characters/Player0.png	6	3
archmage	1	Characters/Player1.png	6	3
archon	0	Characters/Humanoid0.png	2	16
archon	1	Characters/Humanoid1.png	2	16
arctic fern spore	0	Characters/Plant0.png	2	3
arctic fern spore	1	Characters/Plant1.png	2	3
arctic fern sprout	0	Characters/Plant0.png	1	3
arctic fern sprout	1	Characters/Plant1.png	1	3
arctic fern	0	Characters/Plant0.png	0	3
arctic fern	1	Characters/Plant1.png	0	3
arctic tern	0	Characters/Avian0.png	5	1
arctic tern	1	Characters/Avian1.png	5	1
arduous trail down left right	0	Objects/Map0.png	4	9
arduous trail down left	0	Objects/Map0.png	2	9
arduous trail down right	0	Objects/Map0.png	0	9
arduous trail left right	0	Objects/Map0.png	1	9
arduous trail up down left right	0	Objects/Map0.png	4	10
arduous trail up down left	0	Objects/Map0.png	3	10
arduous trail up down right	0	Objects/Map0.png	5	10
arduous trail up down	0	Objects/Map0.png	0	10
arduous trail up left right	0	Objects/Map0.png	4	11
arduous trail up left	0	Objects/Map0.png	2	11
arduous trail up right	0	Objects/Map0.png	0	11
armor stand empty	0	Objects/Decor0.png	0	11
armor stand full	0	Objects/Decor0.png	1	11
armory sign	0	Objects/Decor0.png	2	6
arrow trap tile	0	Objects/Trap0.png	0	0
arrow	0	Items/Ammo.png	1	2
arthropod claw	0	Items/Flesh.png	0	8
asleep box	0	GUI/GUI0.png	10	4
asleep box	1	GUI/GUI1.png	10	4
asmodeus	0	Characters/Demon0.png	0	2
asmodeus	1	Characters/Demon1.png	0	2
asp	0	Characters/Reptile0.png	6	4
asp	1	Characters/Reptile1.png	6	4
assassin bug	0	Characters/Pest0.png	2	5
assassin bug	1	Characters/Pest1.png	2	5
assassin	0	Characters/Humanoid0.png	6	2
assassin	1	Characters/Humanoid1.png	6	2
assorted shelves	0	Objects/Decor0.png	1	4
athame	0	Items/ShortWep.png	0	1
atlas	0	Items/Book.png	4	7
axe	0	Items/MedWep.png	0	1
baalzebub	0	Characters/Demon0.png	1	2
baalzebub	1	Characters/Demon1.png	1	2
baby albatross	0	Characters/Avian0.png	4	4
baby albatross	1	Characters/Avian1.png	4	4
baby aluminum falcon	0	Characters/Avian0.png	4	2
baby aluminum falcon	1	Characters/Avian1.png	4	2
baby arctic tern	0	Characters/Avian0.png	4	1
baby arctic tern	1	Characters/Avian1.png	4	1
baby bald eagle	0	Characters/Avian0.png	4	6
baby bald eagle	1	Characters/Avian1.png	4	6
baby barn owl	0	Characters/Avian0.png	0	10
baby barn owl	1	Characters/Avian1.png	0	10
baby bat	0	Characters/Avian0.png	4	11
baby bat	1	Characters/Avian1.png	4	11
baby black boar	0	Characters/Quadraped0.png	5	0
baby black boar	1	Characters/Quadraped1.png	5	0
baby black goat	0	Characters/Quadraped0.png	4	2
baby black goat	1	Characters/Quadraped1.png	4	2
baby black horse	0	Characters/Quadraped0.png	0	7
baby black horse	1	Characters/Quadraped1.png	0	7
baby black naga	0	Characters/Reptile0.png	2	5
baby black naga	1	Characters/Reptile1.png	2	5
baby black sheep	0	Characters/Quadraped0.png	4	3
baby black sheep	1	Characters/Quadraped1.png	4	3
baby bogwyrm	0	Characters/Reptile0.png	4	2
baby bogwyrm	1	Characters/Reptile1.png	4	2
baby brown horse	0	Characters/Quadraped0.png	1	5
baby brown horse	1	Characters/Quadraped1.png	1	5
baby bull	0	Characters/Quadraped0.png	2	1
baby bull	1	Characters/Quadraped1.png	2	1
baby cave penguin	0	Characters/Avian0.png	0	3
baby cave penguin	1	Characters/Avian1.png	0	3
baby cave swift	0	Characters/Avian0.png	2	1
baby cave swift	1	Characters/Avian1.png	2	1
baby cockatrice	0	Characters/Reptile0.png	0	7
baby cockatrice	1	Characters/Reptile1.png	0	7
baby condor	0	Characters/Avian0.png	6	4
baby condor	1	Characters/Avian1.png	6	4
baby cormorant	0	Characters/Avian0.png	0	6
baby cormorant	1	Characters/Avian1.png	0	6
baby crocodile	0	Characters/Reptile0.png	0	9
baby crocodile	1	Characters/Reptile1.png	0	9
baby dairy cow	0	Characters/Quadraped0.png	0	1
baby dairy cow	1	Characters/Quadraped1.png	0	1
baby darkwyrm	0	Characters/Reptile0.png	0	2
baby darkwyrm	1	Characters/Reptile1.png	0	2
baby deer	0	Characters/Quadraped0.png	0	8
baby deer	1	Characters/Quadraped1.png	0	8
baby doom chickabay	0	Characters/Avian0.png	6	0
baby doom chickabay	1	Characters/Avian1.png	6	0
baby dove	0	Characters/Avian0.png	2	5
baby dove	1	Characters/Avian1.png	2	5
baby dreadwyrm	0	Characters/Reptile0.png	4	0
baby dreadwyrm	1	Characters/Reptile1.png	4	0
baby duck	0	Characters/Avian0.png	6	3
baby duck	1	Characters/Avian1.png	6	3
baby emu	0	Characters/Avian0.png	2	7
baby emu	1	Characters/Avian1.png	2	7
baby fen chickabay	0	Characters/Avian0.png	2	0
baby fen chickabay	1	Characters/Avian1.png	2	0
baby firedrake	0	Characters/Reptile0.png	0	1
baby firedrake	1	Characters/Reptile1.png	0	1
baby glendrake	0	Characters/Reptile0.png	6	0
baby glendrake	1	Characters/Reptile1.png	6	0
baby golden eagle	0	Characters/Avian0.png	7	6
baby golden eagle	1	Characters/Avian1.png	7	6
baby golden naga	0	Characters/Reptile0.png	4	5
baby golden naga	1	Characters/Reptile1.png	4	5
baby gray goat	0	Characters/Quadraped0.png	2	2
baby gray goat	1	Characters/Quadraped1.png	2	2
baby gray horse	0	Characters/Quadraped0.png	0	6
baby gray horse	1	Characters/Quadraped1.png	0	6
baby gray parrot	0	Characters/Avian0.png	0	12
baby gray parrot	1	Characters/Avian1.png	0	12
baby gray sheep	0	Characters/Quadraped0.png	2	3
baby gray sheep	1	Characters/Quadraped1.png	2	3
baby green parrot	0	Characters/Avian0.png	0	5
baby green parrot	1	Characters/Avian1.png	0	5
baby griffon	0	Characters/Avian0.png	0	9
baby griffon	1	Characters/Avian1.png	0	9
baby guardian naga	0	Characters/Reptile0.png	0	6
baby guardian naga	1	Characters/Reptile1.png	0	6
baby hog	0	Characters/Quadraped0.png	2	0
baby hog	1	Characters/Quadraped1.png	2	0
baby hydra	0	Characters/Reptile0.png	5	3
baby hydra	1	Characters/Reptile1.png	5	3
baby icewyrm	0	Characters/Reptile0.png	2	1
baby icewyrm	1	Characters/Reptile1.png	2	1
baby kingwyrm	0	Characters/Reptile0.png	0	3
baby kingwyrm	1	Characters/Reptile1.png	0	3
baby kiwi	0	Characters/Avian0.png	4	7
baby kiwi	1	Characters/Avian1.png	4	7
baby lightwyrm	0	Characters/Reptile0.png	2	2
baby lightwyrm	1	Characters/Reptile1.png	2	2
baby long worm	0	Characters/Pest0.png	0	3
baby long worm	1	Characters/Pest1.png	0	3
baby nighthawk	0	Characters/Avian0.png	0	1
baby nighthawk	1	Characters/Avian1.png	0	1
baby osprey	0	Characters/Avian0.png	0	2
baby osprey	1	Characters/Avian1.png	0	2
baby ostrich	0	Characters/Avian0.png	0	7
baby ostrich	1	Characters/Avian1.png	0	7
baby parakeet	0	Characters/Avian0.png	4	5
baby parakeet	1	Characters/Avian1.png	4	5
baby peacock	0	Characters/Avian0.png	3	8
baby peacock	1	Characters/Avian1.png	3	8
baby pelican	0	Characters/Avian0.png	4	3
baby pelican	1	Characters/Avian1.png	4	3
baby penguin	0	Characters/Avian0.png	2	3
baby penguin	1	Characters/Avian1.png	2	3
baby phoenix	0	Characters/Avian0.png	2	2
baby phoenix	1	Characters/Avian1.png	2	2
baby pig	0	Characters/Quadraped0.png	0	0
baby pig	1	Characters/Quadraped1.png	0	0
baby plains chickabay	0	Characters/Avian0.png	0	0
baby plains chickabay	1	Characters/Avian1.png	0	0
baby puffin	0	Characters/Avian0.png	0	4
baby puffin	1	Characters/Avian1.png	0	4
baby purple worm	0	Characters/Pest0.png	3	3
baby purple worm	1	Characters/Pest1.png	3	3
baby pyrolisk	0	Characters/Reptile0.png	2	7
baby pyrolisk	1	Characters/Reptile1.png	2	7
baby red naga	0	Characters/Reptile0.png	0	5
baby red naga	1	Characters/Reptile1.png	0	5
baby robin	0	Characters/Avian0.png	6	1
baby robin	1	Characters/Avian1.png	6	1
baby sanddrake	0	Characters/Reptile0.png	4	1
baby sanddrake	1	Characters/Reptile1.png	4	1
baby seagull	0	Characters/Avian0.png	2	6
baby seagull	1	Characters/Avian1.png	2	6
baby searwyrm	0	Characters/Reptile0.png	2	3
baby searwyrm	1	Characters/Reptile1.png	2	3
baby sheenwyrm	0	Characters/Reptile0.png	6	2
baby sheenwyrm	1	Characters/Reptile1.png	6	2
baby slug	0	Characters/Pest0.png	0	7
baby slug	1	Characters/Pest1.png	0	7
baby snail	0	Characters/Pest0.png	2	7
baby snail	1	Characters/Pest1.png	2	7
baby snow griffon	0	Characters/Avian0.png	2	9
baby snow griffon	1	Characters/Avian1.png	2	9
baby snowy owl	0	Characters/Avian0.png	2	10
baby snowy owl	1	Characters/Avian1.png	2	10
baby sphinx	0	Characters/Reptile0.png	0	0
baby sphinx	1	Characters/Reptile1.png	0	0
baby stormwyrm	0	Characters/Reptile0.png	6	1
baby stormwyrm	1	Characters/Reptile1.png	6	1
baby swan	0	Characters/Avian0.png	2	4
baby swan	1	Characters/Avian1.png	2	4
baby taiga chickabay	0	Characters/Avian0.png	4	0
baby taiga chickabay	1	Characters/Avian1.png	4	0
baby terror bird	0	Characters/Misc0.png	0	6
baby terror bird	1	Characters/Misc1.png	0	6
baby thrush	0	Characters/Avian0.png	6	5
baby thrush	1	Characters/Avian1.png	6	5
baby white goat	0	Characters/Quadraped0.png	0	2
baby white goat	1	Characters/Quadraped1.png	0	2
baby white naga	0	Characters/Reptile0.png	6	5
baby white naga	1	Characters/Reptile1.png	6	5
baby white sheep	0	Characters/Quadraped0.png	0	3
baby white sheep	1	Characters/Quadraped1.png	0	3
baby winter wolf	0	Characters/Dog0.png	2	1
baby winter wolf	1	Characters/Dog1.png	2	1
baby wyvern	0	Characters/Reptile0.png	2	0
baby wyvern	1	Characters/Reptile1.png	2	0
backpack	0	Items/Armor.png	5	4
bag of tricks	0	Items/Tool.png	3	1
bag	0	Items/Chest0.png	0	2
balance talisman	0	Items/Amulet.png	5	1
bald eagle	0	Characters/Avian0.png	5	6
bald eagle	1	Characters/Avian1.png	5	6
balrog	0	Characters/Demon0.png	6	2
balrog	1	Characters/Demon1.png	6	2
balsa wand	0	Items/Wand.png	1	0
baluchitherium	0	Characters/Quadraped0.png	1	10
baluchitherium	1	Characters/Quadraped1.png	1	10
bamboo shoots	0	Items/Food.png	6	1
banana	0	Items/Food.png	4	2
banded mail	0	Items/Armor.png	4	6
bandit	0	Characters/Player0.png	3	0
bandit	1	Characters/Player1.png	3	0
barbarian	0	Characters/Player0.png	4	4
barbarian	1	Characters/Player1.png	4	4
barbed devil	0	Characters/Demon0.png	0	0
barbed devil	1	Characters/Demon1.png	0	0
bare oak dense	0	Objects/Tree0.png	7	4
bare oak ne se	0	Objects/Tree0.png	8	4
bare oak ne sw se	0	Objects/Tree0.png	8	5
bare oak ne sw	0	Objects/Tree0.png	11	5
bare oak ne	0	Objects/Tree0.png	10	4
bare oak nw ne se	0	Objects/Tree0.png	8	3
bare oak nw ne sw se	0	Objects/Tree0.png	9	3
bare oak nw ne sw	0	Objects/Tree0.png	6	3
bare oak nw ne	0	Objects/Tree0.png	7	3
bare oak nw se	0	Objects/Tree0.png	10	5
bare oak nw sw se	0	Objects/Tree0.png	6	5
bare oak nw sw	0	Objects/Tree0.png	6	4
bare oak nw	0	Objects/Tree0.png	11	4
bare oak se	0	Objects/Tree0.png	10	3
bare oak sw se	0	Objects/Tree0.png	7	5
bare oak sw	0	Objects/Tree0.png	11	3
bare pine dense	0	Objects/Tree0.png	7	16
bare pine ne se	0	Objects/Tree0.png	8	16
bare pine ne sw se	0	Objects/Tree0.png	8	17
bare pine ne sw	0	Objects/Tree0.png	11	17
bare pine ne	0	Objects/Tree0.png	10	16
bare pine nw ne se	0	Objects/Tree0.png	8	15
bare pine nw ne sw se	0	Objects/Tree0.png	9	15
bare pine nw ne sw	0	Objects/Tree0.png	6	15
bare pine nw ne	0	Objects/Tree0.png	7	15
bare pine nw se	0	Objects/Tree0.png	10	17
bare pine nw sw se	0	Objects/Tree0.png	6	17
bare pine nw sw	0	Objects/Tree0.png	6	16
bare pine nw	0	Objects/Tree0.png	11	16
bare pine se	0	Objects/Tree0.png	10	15
bare pine sw se	0	Objects/Tree0.png	7	17
bare pine sw	0	Objects/Tree0.png	11	15
barn cat	0	Characters/Cat0.png	1	3
barn cat	1	Characters/Cat1.png	1	3
barn kitten	0	Characters/Cat0.png	0	3
barn kitten	1	Characters/Cat1.png	0	3
barn owl	0	Characters/Avian0.png	1	10
barn owl	1	Characters/Avian1.png	1	10
barracuda	0	Characters/Aquatic0.png	0	1
barracuda	1	Characters/Aquatic1.png	0	1
barrow wight	0	Characters/Undead0.png	2	6
barrow wight	1	Characters/Undead1.png	2	6
basin	0	Objects/Decor0.png	0	21
basin	1	Objects/Decor1.png	0	21
battle axe	0	Items/MedWep.png	1	1
beak	0	Items/Flesh.png	7	8
beaked polearm	0	Items/LongWep.png	4	3
bear trap tile	0	Objects/Trap0.png	4	0
bear trap	0	Items/Tool.png	6	1
bed a	0	Objects/Decor0.png	0	9
bed b	0	Objects/Decor0.png	1	9
bee grub	0	Characters/Pest0.png	2	1
bee grub	1	Characters/Pest1.png	2	1
bell	0	Items/Music.png	0	4
beluga whale	0	Characters/Aquatic0.png	3	1
beluga whale	1	Characters/Aquatic1.png	3	1
bent arrow	0	Items/Ammo.png	2	2
bent wand	0	Items/Wand.png	3	5
big cogdog	0	Characters/Dog0.png	2	3
big cogdog	1	Characters/Dog1.png	2	3
big distortion	0	Objects/Effect0.png	7	21
big distortion	1	Objects/Effect1.png	7	21
big flame	0	Objects/Effect0.png	1	21
big flame	1	Objects/Effect1.png	1	21
big flood	0	Objects/Effect0.png	3	21
big flood	1	Objects/Effect1.png	3	21
big freeze	0	Objects/Effect0.png	5	21
big freeze	1	Objects/Effect1.png	5	21
big hallucination	0	Characters/Misc0.png	2	5
big hallucination	1	Characters/Misc1.png	2	5
big hound	0	Characters/Dog0.png	2	2
big hound	1	Characters/Dog1.png	2	2
big protection	0	Objects/Effect0.png	3	23
big protection	1	Objects/Effect1.png	3	23
big quake	0	Objects/Effect0.png	3	22
big quake	1	Objects/Effect1.png	3	22
big shine	0	Objects/Effect0.png	7	22
big shine	1	Objects/Effect1.png	7	22
big snout mushroom	0	Items/Food.png	1	0
big terrier	0	Characters/Dog0.png	2	4
big terrier	1	Characters/Dog1.png	2	4
big terror	0	Objects/Effect0.png	0	23
big terror	1	Objects/Effect1.png	0	23
big thorns	0	Objects/Effect0.png	1	22
big thorns	1	Objects/Effect1.png	1	22
big tornado	0	Objects/Effect0.png	5	22
big tornado	1	Objects/Effect1.png	5	22
bishop	0	Characters/Player0.png	0	4
bishop	1	Characters/Player1.png	0	4
black boar	0	Characters/Quadraped0.png	6	0
black boar	1	Characters/Quadraped1.png	6	0
black candle pair	0	Objects/Decor0.png	5	8
black candle pair	1	Objects/Decor1.png	5	8
black candle	0	Objects/Decor0.png	4	8
black candle	1	Objects/Decor1.png	4	8
black goat	0	Characters/Quadraped0.png	5	2
black goat	1	Characters/Quadraped1.png	5	2
black heart full	0	GUI/GUI0.png	0	4
black heart full	1	GUI/GUI1.png	0	4
black heart half	0	GUI/GUI0.png	1	4
black heart half	1	GUI/GUI1.png	1	4
black heart low	0	GUI/GUI0.png	2	4
black heart low	1	GUI/GUI1.png	2	4
black heart sliver	0	GUI/GUI0.png	3	4
black heart sliver	1	GUI/GUI1.png	3	4
black horse	0	Characters/Quadraped0.png	1	7
black horse	1	Characters/Quadraped1.png	1	7
black light	0	Characters/Elemental0.png	1	10
black light	1	Characters/Elemental1.png	1	10
black naga	0	Characters/Reptile0.png	3	5
black naga	1	Characters/Reptile1.png	3	5
black onyx ring	0	Items/Ring.png	0	1
black ore left right	0	Objects/Ore0.png	8	4
black ore left right	1	Objects/Ore0.png	8	5
black ore left	0	Objects/Ore0.png	6	4
black ore left	1	Objects/Ore0.png	6	5
black ore right	0	Objects/Ore0.png	7	4
black ore right	1	Objects/Ore0.png	7	5
black ore up	0	Objects/Ore0.png	5	4
black ore up	1	Objects/Ore0.png	5	5
black potion	0	Items/Potion.png	2	2
black pudding	0	Characters/Slime0.png	2	1
black pudding	1	Characters/Slime1.png	2	1
black sheep	0	Characters/Quadraped0.png	5	3
black sheep	1	Characters/Quadraped1.png	5	3
black unicorn	0	Characters/Quadraped0.png	3	4
black unicorn	1	Characters/Quadraped1.png	3	4
black wand	0	Items/Wand.png	3	3
black yellow c	0	GUI/GUI0.png	6	17
black yellow e	0	GUI/GUI0.png	7	17
black yellow n	0	GUI/GUI0.png	6	16
black yellow ne	0	GUI/GUI0.png	7	16
black yellow nw	0	GUI/GUI0.png	5	16
black yellow s	0	GUI/GUI0.png	6	18
black yellow se	0	GUI/GUI0.png	7	18
black yellow square	0	GUI/GUI0.png	4	16
black yellow sw	0	GUI/GUI0.png	5	18
black yellow w	0	GUI/GUI0.png	5	17
blacksludge mail	0	Items/Armor.png	4	8
blank book	0	Items/Book.png	7	7
blank scroll	0	Items/Scroll.png	3	5
blazing fern spore	0	Characters/Plant0.png	2	4
blazing fern spore	1	Characters/Plant1.png	2	4
blazing fern sprout	0	Characters/Plant0.png	1	4
blazing fern sprout	1	Characters/Plant1.png	1	4
blazing fern	0	Characters/Plant0.png	0	4
blazing fern	1	Characters/Plant1.png	0	4
blind box	0	GUI/GUI0.png	11	4
blind box	1	GUI/GUI1.png	11	4
blindfold	0	Items/Tool.png	3	0
blizzard shrub	0	Characters/Plant0.png	4	0
blizzard shrub	1	Characters/Plant1.png	4	0
blizzard tree	0	Characters/Plant0.png	4	1
blizzard tree	1	Characters/Plant1.png	4	1
blob of melted metal	0	Items/Money.png	7	6
bloodied altar	0	Objects/Decor0.png	1	20
bloody scroll	0	Items/Scroll.png	3	2
blue black c	0	GUI/GUI0.png	2	8
blue black e	0	GUI/GUI0.png	3	11
blue black n	0	GUI/GUI0.png	2	10
blue black ne	0	GUI/GUI0.png	3	10
blue black nw	0	GUI/GUI0.png	1	10
blue black s	0	GUI/GUI0.png	2	12
blue black se	0	GUI/GUI0.png	3	12
blue black square	0	GUI/GUI0.png	0	10
blue black sw	0	GUI/GUI0.png	1	12
blue black w	0	GUI/GUI0.png	1	11
blue flowers	0	Objects/Ground0.png	2	2
blue heart full	0	GUI/GUI0.png	0	3
blue heart full	1	GUI/GUI1.png	0	3
blue heart half	0	GUI/GUI0.png	1	3
blue heart half	1	GUI/GUI1.png	1	3
blue heart low	0	GUI/GUI0.png	2	3
blue heart low	1	GUI/GUI1.png	2	3
blue heart sliver	0	GUI/GUI0.png	3	3
blue heart sliver	1	GUI/GUI1.png	3	3
blue jelly	0	Characters/Slime0.png	0	3
blue jelly	1	Characters/Slime1.png	0	3
blue liquid drizzle	0	Objects/Ground0.png	5	5
blue liquid spatter	0	Objects/Ground0.png	4	5
blue ore left right	0	Objects/Ore0.png	8	1
blue ore left right	1	Objects/Ore0.png	8	2
blue ore left	0	Objects/Ore0.png	6	1
blue ore left	1	Objects/Ore0.png	6	2
blue ore right	0	Objects/Ore0.png	7	1
blue ore right	1	Objects/Ore0.png	7	2
blue ore up	0	Objects/Ore0.png	5	1
blue ore up	1	Objects/Ore0.png	5	2
blue peak alone	0	Objects/Hill0.png	3	0
blue peak c	0	Objects/Hill0.png	1	1
blue peak e	0	Objects/Hill0.png	2	1
blue peak n	0	Objects/Hill0.png	1	0
blue peak ne	0	Objects/Hill0.png	2	0
blue peak nw	0	Objects/Hill0.png	0	0
blue peak s	0	Objects/Hill0.png	1	2
blue peak se	0	Objects/Hill0.png	2	2
blue peak sw	0	Objects/Hill0.png	0	2
blue peak w	0	Objects/Hill0.png	0	1
blue pool	0	Objects/Ground0.png	4	6
blue puddle	0	Objects/Ground0.png	5	6
blue scroll	0	Items/Scroll.png	0	2
blue slime	0	Characters/Slime0.png	1	4
blue slime	1	Characters/Slime1.png	1	4
blue snowcap alone	0	Objects/Hill0.png	3	6
blue snowcap c	0	Objects/Hill0.png	1	7
blue snowcap e	0	Objects/Hill0.png	2	7
blue snowcap n	0	Objects/Hill0.png	1	6
blue snowcap ne	0	Objects/Hill0.png	2	6
blue snowcap nw	0	Objects/Hill0.png	0	6
blue snowcap s	0	Objects/Hill0.png	1	8
blue snowcap se	0	Objects/Hill0.png	2	8
blue snowcap sw	0	Objects/Hill0.png	0	8
blue snowcap w	0	Objects/Hill0.png	0	7
blue volcano alone	0	Objects/Hill0.png	3	12
blue volcano alone	1	Objects/Hill1.png	3	12
blue volcano c	0	Objects/Hill0.png	1	13
blue volcano c	1	Objects/Hill1.png	1	13
blue volcano e	0	Objects/Hill0.png	2	13
blue volcano e	1	Objects/Hill1.png	2	13
blue volcano n	0	Objects/Hill0.png	1	12
blue volcano n	1	Objects/Hill1.png	1	12
blue volcano ne	0	Objects/Hill0.png	2	12
blue volcano ne	1	Objects/Hill1.png	2	12
blue volcano nw	0	Objects/Hill0.png	0	12
blue volcano nw	1	Objects/Hill1.png	0	12
blue volcano s	0	Objects/Hill0.png	1	14
blue volcano s	1	Objects/Hill1.png	1	14
blue volcano se	0	Objects/Hill0.png	2	14
blue volcano se	1	Objects/Hill1.png	2	14
blue volcano sw	0	Objects/Hill0.png	0	14
blue volcano sw	1	Objects/Hill1.png	0	14
blue volcano w	0	Objects/Hill0.png	0	13
blue volcano w	1	Objects/Hill1.png	0	13
blue whale	0	Characters/Aquatic0.png	4	1
blue whale	1	Characters/Aquatic1.png	4	1
board a	0	Objects/Decor0.png	4	5
board b	0	Objects/Decor0.png	5	5
board c	0	Objects/Decor0.png	6	5
bobbit worm	0	Characters/Aquatic0.png	1	2
bobbit worm	1	Characters/Aquatic1.png	1	2
bobcat	0	Characters/Cat0.png	0	0
bobcat	1	Characters/Cat1.png	0	0
bodily fluid	0	Items/Flesh.png	5	2
bog nymph	0	Characters/Aquatic0.png	2	3
bog nymph	1	Characters/Aquatic1.png	2	3
bog waders	0	Items/Boot.png	4	0
bogwyrm armor	0	Items/Armor.png	2	1
bogwyrm scales	0	Items/Armor.png	2	3
bogwyrm	0	Characters/Reptile0.png	5	2
bogwyrm	1	Characters/Reptile1.png	5	2
bone devil	0	Characters/Demon0.png	0	3
bone devil	1	Characters/Demon1.png	0	3
bone wand	0	Items/Wand.png	5	5
bones	0	Objects/Decor0.png	1	12
book of ruin	0	Items/Book.png	6	3
book of the dead	0	Items/Book.png	0	8
boomerang	0	Items/Ammo.png	2	3
bottle	0	Objects/Decor0.png	0	3
boulder	0	Items/Rock.png	2	1
brain	0	Items/Flesh.png	5	1
brass armor	0	Items/Armor.png	1	6
brass lantern	0	Items/Light.png	3	0
brass ring	0	Items/Ring.png	4	1
brass wand	0	Items/Wand.png	1	1
breastplate	0	Items/Armor.png	5	6
brick clear pool center	0	Objects/Pit0.png	1	9
brick clear pool divider	0	Objects/Pit0.png	6	8
brick clear pool left down	0	Objects/Pit0.png	5	8
brick clear pool left right up	0	Objects/Pit0.png	4	8
brick clear pool left right	0	Objects/Pit0.png	4	9
brick clear pool left up	0	Objects/Pit0.png	0	8
brick clear pool left	0	Objects/Pit0.png	0	9
brick clear pool right down	0	Objects/Pit0.png	7	8
brick clear pool right up	0	Objects/Pit0.png	2	8
brick clear pool right	0	Objects/Pit0.png	2	9
brick clear pool up	0	Objects/Pit0.png	1	8
brick murky pool center	0	Objects/Pit0.png	1	15
brick murky pool divider	0	Objects/Pit0.png	6	14
brick murky pool left down	0	Objects/Pit0.png	5	14
brick murky pool left right up	0	Objects/Pit0.png	4	14
brick murky pool left right	0	Objects/Pit0.png	4	15
brick murky pool left up	0	Objects/Pit0.png	0	14
brick murky pool left	0	Objects/Pit0.png	0	15
brick murky pool right down	0	Objects/Pit0.png	7	14
brick murky pool right up	0	Objects/Pit0.png	2	14
brick murky pool right	0	Objects/Pit0.png	2	15
brick murky pool up	0	Objects/Pit0.png	1	14
brick pit center	0	GUI/GUI0.png	2	8
brick pit divider	0	Objects/Pit0.png	6	2
brick pit left down	0	Objects/Pit0.png	5	2
brick pit left right up	0	Objects/Pit0.png	4	2
brick pit left right	0	Objects/Pit0.png	4	3
brick pit left up	0	Objects/Pit0.png	0	2
brick pit left	0	Objects/Pit0.png	0	3
brick pit right down	0	Objects/Pit0.png	7	2
brick pit right up	0	Objects/Pit0.png	2	2
brick pit right	0	Objects/Pit0.png	2	3
brick pit up	0	Objects/Pit0.png	1	2
brick toxic pool center	0	Objects/Pit0.png	1	21
brick toxic pool divider	0	Objects/Pit0.png	6	20
brick toxic pool left down	0	Objects/Pit0.png	5	20
brick toxic pool left right up	0	Objects/Pit0.png	4	20
brick toxic pool left right	0	Objects/Pit0.png	4	21
brick toxic pool left up	0	Objects/Pit0.png	0	20
brick toxic pool left	0	Objects/Pit0.png	0	21
brick toxic pool right down	0	Objects/Pit0.png	7	20
brick toxic pool right up	0	Objects/Pit0.png	2	20
brick toxic pool right	0	Objects/Pit0.png	2	21
brick toxic pool up	0	Objects/Pit0.png	1	20
bridge e w	0	Objects/Map0.png	9	14
bridge n s	0	Objects/Map0.png	6	14
bridge ne sw	0	Objects/Map0.png	7	14
bridge nw se	0	Objects/Map0.png	8	14
bright acid wall center	0	Objects/Wall.png	15	28
bright acid wall flat	0	Objects/Wall.png	17	27
bright acid wall left down	0	Objects/Wall.png	16	27
bright acid wall left right down	0	Objects/Wall.png	18	27
bright acid wall left right up down	0	Objects/Wall.png	18	28
bright acid wall left right up	0	Objects/Wall.png	18	29
bright acid wall left right	0	Objects/Wall.png	15	27
bright acid wall left up down	0	Objects/Wall.png	19	28
bright acid wall left up	0	Objects/Wall.png	16	29
bright acid wall right down	0	Objects/Wall.png	14	27
bright acid wall right up down	0	Objects/Wall.png	17	28
bright acid wall right up	0	Objects/Wall.png	14	29
bright acid wall up down	0	Objects/Wall.png	14	28
bright blue wall center	0	Objects/Wall.png	8	40
bright blue wall flat	0	Objects/Floor.png	15	1
bright blue wall left down	0	Objects/Wall.png	9	39
bright blue wall left right down	0	Objects/Wall.png	11	39
bright blue wall left right up down	0	Objects/Wall.png	11	40
bright blue wall left right up	0	Objects/Wall.png	11	41
bright blue wall left right	0	Objects/Wall.png	8	39
bright blue wall left up down	0	Objects/Wall.png	12	40
bright blue wall left up	0	Objects/Wall.png	9	41
bright blue wall right down	0	Objects/Wall.png	7	39
bright blue wall right up down	0	Objects/Wall.png	10	40
bright blue wall right up	0	Objects/Wall.png	7	41
bright blue wall up down	0	Objects/Wall.png	7	40
bright brick wall center	0	Objects/Wall.png	1	4
bright brick wall flat	0	Objects/Wall.png	3	3
bright brick wall left down	0	Objects/Wall.png	2	3
bright brick wall left right down	0	Objects/Wall.png	4	3
bright brick wall left right up down	0	Objects/Wall.png	4	4
bright brick wall left right up	0	Objects/Wall.png	4	5
bright brick wall left right	0	Objects/Wall.png	1	3
bright brick wall left up down	0	Objects/Wall.png	5	4
bright brick wall left up	0	Objects/Wall.png	2	5
bright brick wall right down	0	Objects/Wall.png	0	3
bright brick wall right up down	0	Objects/Wall.png	3	4
bright brick wall right up	0	Objects/Wall.png	0	5
bright brick wall up down	0	Objects/Wall.png	0	4
bright burst c	0	Objects/Effect0.png	4	7
bright burst c	1	Objects/Effect1.png	4	7
bright burst e	0	Objects/Effect0.png	5	7
bright burst e	1	Objects/Effect1.png	5	7
bright burst n	0	Objects/Effect0.png	4	6
bright burst n	1	Objects/Effect1.png	4	6
bright burst ne	0	Objects/Effect0.png	5	6
bright burst ne	1	Objects/Effect1.png	5	6
bright burst nw	0	Objects/Effect0.png	3	6
bright burst nw	1	Objects/Effect0.png	3	6
bright burst s	0	Objects/Effect0.png	4	8
bright burst s	1	Objects/Effect1.png	4	8
bright burst se	0	Objects/Effect0.png	5	8
bright burst se	1	Objects/Effect0.png	5	8
bright burst sw	0	Objects/Effect0.png	3	8
bright burst sw	1	Objects/Effect1.png	3	8
bright burst w	0	Objects/Effect0.png	3	7
bright burst w	1	Objects/Effect1.png	3	7
bright deep wall center	0	Objects/Wall.png	8	16
bright deep wall flat	0	Objects/Wall.png	10	15
bright deep wall left down	0	Objects/Wall.png	9	15
bright deep wall left right down	0	Objects/Wall.png	11	15
bright deep wall left right up down	0	Objects/Wall.png	11	16
bright deep wall left right up	0	Objects/Wall.png	11	17
bright deep wall left right	0	Objects/Wall.png	8	15
bright deep wall left up down	0	Objects/Wall.png	12	16
bright deep wall left up	0	Objects/Wall.png	9	17
bright deep wall right down	0	Objects/Wall.png	7	15
bright deep wall right up down	0	Objects/Wall.png	10	16
bright deep wall right up	0	Objects/Wall.png	7	17
bright deep wall up down	0	Objects/Wall.png	7	16
bright fort wall center	0	Objects/Wall.png	8	4
bright fort wall flat	0	Objects/Wall.png	10	3
bright fort wall left down	0	Objects/Wall.png	9	3
bright fort wall left right down	0	Objects/Wall.png	11	3
bright fort wall left right up down	0	Objects/Wall.png	11	4
bright fort wall left right up	0	Objects/Wall.png	8	3
bright fort wall left right	0	Objects/Wall.png	8	3
bright fort wall left up down	0	Objects/Wall.png	7	4
bright fort wall left up	0	Objects/Wall.png	9	5
bright fort wall right down	0	Objects/Wall.png	7	3
bright fort wall right up down	0	Objects/Wall.png	7	4
bright fort wall right up	0	Objects/Wall.png	7	5
bright fort wall up down	0	Objects/Wall.png	7	4
bright heat wall center	0	Objects/Wall.png	8	28
bright heat wall flat	0	Objects/Wall.png	10	27
bright heat wall left down	0	Objects/Wall.png	9	27
bright heat wall left right down	0	Objects/Wall.png	11	27
bright heat wall left right up down	0	Objects/Wall.png	11	28
bright heat wall left right up	0	Objects/Wall.png	11	29
bright heat wall left right	0	Objects/Wall.png	8	27
bright heat wall left up down	0	Objects/Wall.png	12	28
bright heat wall left up	0	Objects/Wall.png	9	29
bright heat wall right down	0	Objects/Wall.png	7	27
bright heat wall right up down	0	Objects/Wall.png	10	28
bright heat wall right up	0	Objects/Wall.png	7	29
bright heat wall up down	0	Objects/Wall.png	7	28
bright ice wall center	0	Objects/Wall.png	1	28
bright ice wall flat	0	Objects/Wall.png	3	27
bright ice wall left down	0	Objects/Wall.png	2	27
bright ice wall left right down	0	Objects/Wall.png	4	27
bright ice wall left right up down	0	Objects/Wall.png	4	28
bright ice wall left right up	0	Objects/Wall.png	4	29
bright ice wall left right	0	Objects/Wall.png	1	27
bright ice wall left up down	0	Objects/Wall.png	5	28
bright ice wall left up	0	Objects/Wall.png	2	29
bright ice wall right down	0	Objects/Wall.png	0	27
bright ice wall right up down	0	Objects/Wall.png	3	28
bright ice wall right up	0	Objects/Wall.png	0	29
bright ice wall up down	0	Objects/Wall.png	0	28
bright infernal wall center	0	Objects/Wall.png	15	16
bright infernal wall flat	0	Objects/Wall.png	17	15
bright infernal wall left down	0	Objects/Wall.png	16	15
bright infernal wall left right down	0	Objects/Wall.png	18	15
bright infernal wall left right up down	0	Objects/Wall.png	18	16
bright infernal wall left right up	0	Objects/Wall.png	18	17
bright infernal wall left right	0	Objects/Wall.png	15	15
bright infernal wall left up down	0	Objects/Wall.png	19	16
bright infernal wall left up	0	Objects/Wall.png	16	17
bright infernal wall right down	0	Objects/Wall.png	14	15
bright infernal wall right up down	0	Objects/Wall.png	17	16
bright infernal wall right up	0	Objects/Wall.png	14	17
bright infernal wall up down	0	Objects/Wall.png	14	16
bright mine wall center	0	Objects/Wall.png	15	4
bright mine wall flat	0	Objects/Wall.png	17	3
bright mine wall left down	0	Objects/Wall.png	16	3
bright mine wall left right down	0	Objects/Wall.png	18	3
bright mine wall left right up down	0	Objects/Wall.png	18	4
bright mine wall left right up	0	Objects/Wall.png	18	5
bright mine wall left right	0	Objects/Wall.png	15	3
bright mine wall left up down	0	Objects/Wall.png	19	4
bright mine wall left up	0	Objects/Wall.png	16	5
bright mine wall right down	0	Objects/Wall.png	14	3
bright mine wall right up down	0	Objects/Wall.png	17	4
bright mine wall right up	0	Objects/Wall.png	14	5
bright mine wall up down	0	Objects/Wall.png	14	4
bright orange wall center	0	Objects/Wall.png	1	40
bright orange wall flat	0	Objects/Floor.png	11	1
bright orange wall left down	0	Objects/Wall.png	2	39
bright orange wall left right down	0	Objects/Wall.png	4	39
bright orange wall left right up down	0	Objects/Wall.png	4	40
bright orange wall left right up	0	Objects/Wall.png	4	41
bright orange wall left right	0	Objects/Wall.png	1	39
bright orange wall left up down	0	Objects/Wall.png	5	40
bright orange wall left up	0	Objects/Wall.png	2	41
bright orange wall right down	0	Objects/Wall.png	0	39
bright orange wall right up down	0	Objects/Wall.png	3	40
bright orange wall right up	0	Objects/Wall.png	0	41
bright orange wall up down	0	Objects/Wall.png	0	40
bright rock wall center	0	Objects/Wall.png	1	16
bright rock wall flat	0	Objects/Wall.png	3	15
bright rock wall left down	0	Objects/Wall.png	2	15
bright rock wall left right down	0	Objects/Wall.png	4	15
bright rock wall left right up down	0	Objects/Wall.png	4	16
bright rock wall left right up	0	Objects/Wall.png	4	17
bright rock wall left right	0	Objects/Wall.png	1	15
bright rock wall left up down	0	Objects/Wall.png	5	16
bright rock wall left up	0	Objects/Wall.png	2	17
bright rock wall right down	0	Objects/Wall.png	0	15
bright rock wall right up down	0	Objects/Wall.png	3	16
bright rock wall right up	0	Objects/Wall.png	0	17
bright rock wall up down	0	Objects/Wall.png	0	16
bright snow wall center	0	Objects/Wall.png	15	40
bright snow wall flat	0	Objects/Wall.png	17	39
bright snow wall left down	0	Objects/Wall.png	16	39
bright snow wall left right down	0	Objects/Wall.png	18	39
bright snow wall left right up down	0	Objects/Wall.png	18	40
bright snow wall left right up	0	Objects/Wall.png	18	41
bright snow wall left right	0	Objects/Wall.png	15	39
bright snow wall left up down	0	Objects/Wall.png	19	40
bright snow wall left up	0	Objects/Wall.png	16	41
bright snow wall right down	0	Objects/Wall.png	14	39
bright snow wall right up down	0	Objects/Wall.png	17	40
bright snow wall right up	0	Objects/Wall.png	14	41
bright snow wall up down	0	Objects/Wall.png	14	40
brilliant blue potion	0	Items/Potion.png	0	1
broadsword	0	Items/LongWep.png	0	1
broken barrel	0	Items/Chest0.png	2	1
broken chest	0	Items/Chest0.png	2	0
broken gold portcullis	0	Objects/Door0.png	7	3
broken gravestone a	0	Objects/Decor0.png	4	17
broken gravestone b	0	Objects/Decor0.png	4	18
broken heart	0	GUI/GUI0.png	4	1
broken ice chest	0	Items/Chest0.png	7	0
broken iron portcullis	0	Objects/Door0.png	7	2
broken keg	0	Items/Chest0.png	3	1
broken safe	0	Items/Chest0.png	5	0
broken stone door	0	Objects/Door0.png	7	1
broken wooden door	0	Objects/Door0.png	7	0
bronze armor	0	Items/Armor.png	0	6
bronze ring	0	Items/Ring.png	5	2
brown black c	0	GUI/GUI0.png	2	8
brown black e	0	GUI/GUI0.png	11	14
brown black n	0	GUI/GUI0.png	10	13
brown black ne	0	GUI/GUI0.png	11	13
brown black nw	0	GUI/GUI0.png	9	13
brown black s	0	GUI/GUI0.png	10	15
brown black se	0	GUI/GUI0.png	11	15
brown black square	0	GUI/GUI0.png	8	13
brown black sw	0	GUI/GUI0.png	9	15
brown black w	0	GUI/GUI0.png	9	14
brown dark c	0	GUI/GUI0.png	14	17
brown dark e	0	GUI/GUI0.png	15	17
brown dark n	0	GUI/GUI0.png	14	16
brown dark ne	0	GUI/GUI0.png	15	16
brown dark nw	0	GUI/GUI0.png	13	16
brown dark s	0	GUI/GUI0.png	14	18
brown dark se	0	GUI/GUI0.png	15	18
brown dark square	0	GUI/GUI0.png	12	16
brown dark sw	0	GUI/GUI0.png	13	18
brown dark w	0	GUI/GUI0.png	13	17
brown fungus dense	0	Objects/Tree0.png	1	31
brown fungus ne se	0	Objects/Tree0.png	2	31
brown fungus ne sw se	0	Objects/Tree0.png	2	32
brown fungus ne sw	0	Objects/Tree0.png	5	32
brown fungus ne	0	Objects/Tree0.png	4	31
brown fungus nw ne se	0	Objects/Tree0.png	2	30
brown fungus nw ne sw se	0	Objects/Tree0.png	3	30
brown fungus nw ne sw	0	Objects/Tree0.png	0	30
brown fungus nw ne	0	Objects/Tree0.png	1	30
brown fungus nw se	0	Objects/Tree0.png	4	32
brown fungus nw sw se	0	Objects/Tree0.png	0	32
brown fungus nw sw	0	Objects/Tree0.png	0	31
brown fungus nw	0	Objects/Tree0.png	5	31
brown fungus se	0	Objects/Tree0.png	4	30
brown fungus sw se	0	Objects/Tree0.png	1	32
brown fungus sw	0	Objects/Tree0.png	5	30
brown gray c	0	GUI/GUI0.png	14	11
brown gray e	0	GUI/GUI0.png	15	11
brown gray n	0	GUI/GUI0.png	14	10
brown gray ne	0	GUI/GUI0.png	15	10
brown gray nw	0	GUI/GUI0.png	13	10
brown gray s	0	GUI/GUI0.png	14	12
brown gray se	0	GUI/GUI0.png	15	12
brown gray square	0	GUI/GUI0.png	12	10
brown gray sw	0	GUI/GUI0.png	13	12
brown gray w	0	GUI/GUI0.png	13	11
brown horse	0	Characters/Quadraped0.png	2	5
brown horse	1	Characters/Quadraped1.png	2	5
brown mold	0	Characters/Slime0.png	1	0
brown mold	1	Characters/Slime1.png	1	0
brown peak alone	0	Objects/Hill0.png	11	0
brown peak c	0	Objects/Hill0.png	9	1
brown peak e	0	Objects/Hill0.png	10	1
brown peak n	0	Objects/Hill0.png	9	0
brown peak ne	0	Objects/Hill0.png	10	0
brown peak nw	0	Objects/Hill0.png	8	0
brown peak s	0	Objects/Hill0.png	9	2
brown peak se	0	Objects/Hill0.png	10	2
brown peak sw	0	Objects/Hill0.png	8	2
brown peak w	0	Objects/Hill0.png	8	1
brown pebbles	0	Objects/Ground0.png	6	0
brown potion	0	Items/Potion.png	4	2
brown pudding	0	Characters/Slime0.png	1	1
brown pudding	1	Characters/Slime1.png	1	1
brown rocks	0	Objects/Ground0.png	6	1
brown snowcap alone	0	Objects/Hill0.png	11	6
brown snowcap c	0	Objects/Hill0.png	9	7
brown snowcap e	0	Objects/Hill0.png	10	7
brown snowcap n	0	Objects/Hill0.png	9	6
brown snowcap ne	0	Objects/Hill0.png	10	6
brown snowcap nw	0	Objects/Hill0.png	8	6
brown snowcap s	0	Objects/Hill0.png	9	8
brown snowcap se	0	Objects/Hill0.png	10	8
brown snowcap sw	0	Objects/Hill0.png	8	8
brown snowcap w	0	Objects/Hill0.png	8	7
brown tile	0	Objects/Tile.png	0	0
brown unicorn	0	Characters/Quadraped0.png	0	4
brown unicorn	1	Characters/Quadraped1.png	0	4
brown volcano alone	0	Objects/Hill0.png	11	12
brown volcano alone	1	Objects/Hill1.png	11	12
brown volcano c	0	Objects/Hill0.png	9	13
brown volcano c	1	Objects/Hill1.png	9	13
brown volcano e	0	Objects/Hill0.png	10	13
brown volcano e	1	Objects/Hill1.png	10	13
brown volcano n	0	Objects/Hill0.png	9	12
brown volcano n	1	Objects/Hill1.png	9	12
brown volcano ne	0	Objects/Hill0.png	10	12
brown volcano ne	1	Objects/Hill1.png	10	12
brown volcano nw	0	Objects/Hill0.png	8	12
brown volcano nw	1	Objects/Hill1.png	8	12
brown volcano s	0	Objects/Hill0.png	9	14
brown volcano s	1	Objects/Hill1.png	9	14
brown volcano se	0	Objects/Hill0.png	10	14
brown volcano se	1	Objects/Hill1.png	10	14
brown volcano sw	0	Objects/Hill0.png	8	14
brown volcano sw	1	Objects/Hill1.png	8	14
brown volcano w	0	Objects/Hill0.png	8	13
brown volcano w	1	Objects/Hill1.png	8	13
brute	0	Characters/Player0.png	4	1
brute	1	Characters/Player1.png	4	1
bubbly potion	0	Items/Potion.png	6	1
buckled shoes	0	Items/Boot.png	7	0
bugbear	0	Characters/Humanoid0.png	0	21
bugbear	1	Characters/Humanoid1.png	0	21
bugle	0	Items/Music.png	0	5
bull	0	Characters/Quadraped0.png	3	1
bull	1	Characters/Quadraped1.png	3	1
bullwhip	0	Items/LongWep.png	1	5
buns	0	Items/Flesh.png	6	2
burning demon shrub	0	Characters/Plant0.png	3	0
burning demon shrub	1	Characters/Plant1.png	3	0
burning demon tree	0	Characters/Plant0.png	3	1
burning demon tree	1	Characters/Plant1.png	3	1
burning evil shrub	0	Characters/Plant0.png	1	0
burning evil shrub	1	Characters/Plant1.png	1	0
burning evil tree	0	Characters/Plant0.png	1	1
burning evil tree	1	Characters/Plant1.png	1	1
burning oak dense	0	Objects/Tree0.png	7	7
burning oak dense	1	Objects/Tree1.png	7	7
burning oak ne se	0	Objects/Tree0.png	8	7
burning oak ne se	1	Objects/Tree1.png	8	7
burning oak ne sw se	0	Objects/Tree0.png	8	8
burning oak ne sw se	1	Objects/Tree1.png	8	8
burning oak ne sw	0	Objects/Tree0.png	11	8
burning oak ne sw	1	Objects/Tree1.png	11	8
burning oak ne	0	Objects/Tree0.png	10	7
burning oak ne	1	Objects/Tree1.png	10	7
burning oak nw ne se	0	Objects/Tree0.png	8	6
burning oak nw ne se	1	Objects/Tree1.png	8	6
burning oak nw ne sw se	0	Objects/Tree0.png	9	6
burning oak nw ne sw se	1	Objects/Tree1.png	9	6
burning oak nw ne sw	0	Objects/Tree0.png	6	6
burning oak nw ne sw	1	Objects/Tree1.png	6	6
burning oak nw ne	0	Objects/Tree0.png	7	6
burning oak nw ne	1	Objects/Tree1.png	7	6
burning oak nw se	0	Objects/Tree0.png	10	8
burning oak nw se	1	Objects/Tree1.png	10	8
burning oak nw sw se	0	Objects/Tree0.png	6	8
burning oak nw sw se	1	Objects/Tree1.png	6	8
burning oak nw sw	0	Objects/Tree0.png	6	7
burning oak nw sw	1	Objects/Tree1.png	6	7
burning oak nw	0	Objects/Tree0.png	11	7
burning oak nw	1	Objects/Tree1.png	11	7
burning oak se	0	Objects/Tree0.png	10	6
burning oak se	1	Objects/Tree1.png	10	6
burning oak sw se	0	Objects/Tree0.png	7	8
burning oak sw se	1	Objects/Tree1.png	7	8
burning oak sw	0	Objects/Tree0.png	11	6
burning oak sw	1	Objects/Tree1.png	11	6
burning pine dense	0	Objects/Tree0.png	7	19
burning pine dense	1	Objects/Tree1.png	7	19
burning pine ne se	0	Objects/Tree0.png	8	19
burning pine ne se	1	Objects/Tree1.png	8	19
burning pine ne sw se	0	Objects/Tree0.png	8	20
burning pine ne sw se	1	Objects/Tree1.png	8	20
burning pine ne sw	0	Objects/Tree0.png	11	20
burning pine ne sw	1	Objects/Tree1.png	11	20
burning pine ne	0	Objects/Tree0.png	10	19
burning pine ne	1	Objects/Tree1.png	10	19
burning pine nw ne se	0	Objects/Tree0.png	8	18
burning pine nw ne se	1	Objects/Tree1.png	8	18
burning pine nw ne sw se	0	Objects/Tree0.png	9	18
burning pine nw ne sw se	1	Objects/Tree1.png	9	18
burning pine nw ne sw	0	Objects/Tree0.png	6	18
burning pine nw ne sw	1	Objects/Tree1.png	6	18
burning pine nw ne	0	Objects/Tree0.png	7	18
burning pine nw ne	1	Objects/Tree1.png	7	18
burning pine nw se	0	Objects/Tree0.png	10	20
burning pine nw se	1	Objects/Tree1.png	10	20
burning pine nw sw se	0	Objects/Tree0.png	6	20
burning pine nw sw se	1	Objects/Tree1.png	6	20
burning pine nw sw	0	Objects/Tree0.png	6	19
burning pine nw sw	1	Objects/Tree1.png	6	19
burning pine nw	0	Objects/Tree0.png	11	19
burning pine nw	1	Objects/Tree1.png	11	19
burning pine se	0	Objects/Tree0.png	10	18
burning pine se	1	Objects/Tree1.png	10	18
burning pine sw se	0	Objects/Tree0.png	7	20
burning pine sw se	1	Objects/Tree1.png	7	20
burning pine sw	0	Objects/Tree0.png	11	18
burning pine sw	1	Objects/Tree1.png	11	18
burrow	0	Objects/Effect0.png	0	25
burrow	1	Objects/Effect1.png	0	25
c ration	0	Items/Food.png	4	4
cabbage	0	Items/Food.png	5	3
cactus dense	0	Objects/Tree0.png	1	28
cactus ne se	0	Objects/Tree0.png	2	28
cactus ne sw se	0	Objects/Tree0.png	2	29
cactus ne sw	0	Objects/Tree0.png	5	29
cactus ne	0	Objects/Tree0.png	4	28
cactus nw ne se	0	Objects/Tree0.png	2	27
cactus nw ne sw se	0	Objects/Tree0.png	3	27
cactus nw ne sw	0	Objects/Tree0.png	0	27
cactus nw ne	0	Objects/Tree0.png	1	27
cactus nw se	0	Objects/Tree0.png	4	29
cactus nw sw se	0	Objects/Tree0.png	0	29
cactus nw sw	0	Objects/Tree0.png	0	28
cactus nw	0	Objects/Tree0.png	5	28
cactus se	0	Objects/Tree0.png	4	27
cactus sw se	0	Objects/Tree0.png	1	29
cactus sw	0	Objects/Tree0.png	5	27
camel	0	Characters/Quadraped0.png	5	1
camel	1	Characters/Quadraped1.png	5	1
camera	0	Items/Light.png	6	0
campsite	0	Objects/Map0.png	6	12
can of grease	0	Items/Tool.png	2	1
cancel box	0	GUI/GUI0.png	11	2
cancel box	1	GUI/GUI1.png	11	2
candelabrum	0	Items/Light.png	2	0
candle pair	0	Objects/Decor0.png	1	8
candle pair	1	Objects/Decor1.png	1	8
candle	0	Objects/Decor0.png	0	8
candle	1	Objects/Decor1.png	0	8
candy bar	0	Items/Food.png	2	5
captain	0	Characters/Humanoid0.png	3	5
captain	1	Characters/Humanoid1.png	3	5
carnivorous ape	0	Characters/Misc0.png	2	3
carnivorous ape	1	Characters/Misc1.png	2	3
carrot	0	Items/Food.png	0	3
castle wall down left right	0	Objects/Map0.png	4	12
castle wall down left	0	Objects/Map0.png	2	12
castle wall down right	0	Objects/Map0.png	0	12
castle wall left right	0	Objects/Map0.png	1	12
castle wall up down left right	0	Objects/Map0.png	4	13
castle wall up down left	0	Objects/Map0.png	3	13
castle wall up down right	0	Objects/Map0.png	5	13
castle wall up down	0	Objects/Map0.png	0	13
castle wall up left right	0	Objects/Map0.png	4	14
castle wall up left	0	Objects/Map0.png	2	14
castle wall up right	0	Objects/Map0.png	0	14
castle	0	Objects/Map0.png	8	13
catfish	0	Characters/Aquatic0.png	3	0
catfish	1	Characters/Aquatic1.png	3	0
cave penguin	0	Characters/Avian0.png	1	3
cave penguin	1	Characters/Avian1.png	1	3
cave spider	0	Characters/Pest0.png	0	2
cave spider	1	Characters/Pest1.png	0	2
cave swift	0	Characters/Avian0.png	3	1
cave swift	1	Characters/Avian1.png	3	1
caveman	0	Characters/Player0.png	5	4
caveman	1	Characters/Player1.png	5	4
cavewoman	0	Characters/Player0.png	2	5
cavewoman	1	Characters/Player1.png	2	5
centipede	0	Characters/Pest0.png	1	9
centipede	1	Characters/Pest1.png	1	9
cerberus	0	Characters/Dog0.png	2	5
cerberus	1	Characters/Dog1.png	2	5
chain shirt	0	Items/Armor.png	3	7
chameleon	0	Characters/Reptile0.png	2	8
chameleon	1	Characters/Reptile1.png	2	8
champion	0	Characters/Player0.png	4	3
champion	1	Characters/Player1.png	4	3
chaos tome	0	Items/Book.png	5	6
charon	0	Characters/Undead0.png	0	7
charon	1	Characters/Undead1.png	0	7
checkpoint	0	Objects/Map0.png	6	13
cherries	0	Items/Food.png	7	2
cherry wand	0	Items/Wand.png	3	4
chick	0	Characters/Avian0.png	0	8
chick	1	Characters/Avian1.png	0	8
chillbug	0	Characters/Pest0.png	2	6
chillbug	1	Characters/Pest1.png	2	6
chilly wand	0	Items/Wand.png	6	3
choker necklace	0	Items/Amulet.png	3	1
christmas fungus	0	Items/Food.png	5	0
church sign	0	Objects/Decor0.png	4	6
city	0	Objects/Map0.png	9	12
clay golem	0	Characters/Elemental0.png	0	1
clay golem	1	Characters/Elemental1.png	0	1
clay ring	0	Items/Ring.png	3	2
clear potion	0	Items/Potion.png	5	4
clear river down left right	0	Objects/Map0.png	10	0
clear river down left right	1	Objects/Map1.png	10	0
clear river down left	0	Objects/Map0.png	8	0
clear river down left	1	Objects/Map1.png	8	0
clear river down right	0	Objects/Map0.png	6	0
clear river down right	1	Objects/Map1.png	6	0
clear river left right	0	Objects/Map0.png	7	0
clear river left right	1	Objects/Map1.png	7	0
clear river up down left right	0	Objects/Map0.png	10	1
clear river up down left right	1	Objects/Map1.png	10	1
clear river up down left	0	Objects/Map0.png	9	1
clear river up down left	1	Objects/Map1.png	9	1
clear river up down right	0	Objects/Map0.png	11	1
clear river up down right	1	Objects/Map1.png	11	1
clear river up down	0	Objects/Map0.png	6	1
clear river up down	1	Objects/Map1.png	6	1
clear river up left right	0	Objects/Map0.png	10	2
clear river up left right	1	Objects/Map1.png	10	2
clear river up left	0	Objects/Map0.png	8	2
clear river up left	1	Objects/Map1.png	8	2
clear river up right	0	Objects/Map0.png	6	2
clear river up right	1	Objects/Map1.png	6	2
closed barrel	0	Items/Chest0.png	0	1
closed big chest	0	Items/Chest0.png	1	0
closed big safe	0	Items/Chest0.png	4	0
closed chest	0	Items/Chest0.png	0	0
closed gold portcullis front	0	Objects/Door0.png	0	3
closed gold portcullis side	0	Objects/Door0.png	1	3
closed ice chest	0	Items/Chest0.png	6	0
closed iron portcullis front	0	Objects/Door0.png	0	2
closed iron portcullis side	0	Objects/Door0.png	1	2
closed keg	0	Items/Chest0.png	1	1
closed safe	0	Items/Chest0.png	3	0
closed stone door front	0	Objects/Door0.png	0	1
closed stone door side	0	Objects/Door0.png	1	1
closed wooden door front	0	Objects/Door0.png	0	0
closed wooden door side	0	Objects/Door0.png	1	0
cloudy lens	0	Items/Money.png	2	7
cloudy potion	0	Items/Potion.png	0	2
cloudy river down left right	0	Objects/Map0.png	10	3
cloudy river down left right	1	Objects/Map1.png	10	3
cloudy river down left	0	Objects/Map0.png	8	3
cloudy river down left	1	Objects/Map1.png	8	3
cloudy river down right	0	Objects/Map0.png	6	3
cloudy river down right	1	Objects/Map1.png	6	3
cloudy river left right	0	Objects/Map0.png	7	3
cloudy river left right	1	Objects/Map1.png	7	3
cloudy river up down left right	0	Objects/Map0.png	10	4
cloudy river up down left right	1	Objects/Map1.png	10	4
cloudy river up down left	0	Objects/Map0.png	9	4
cloudy river up down left	1	Objects/Map1.png	9	4
cloudy river up down right	0	Objects/Map0.png	11	4
cloudy river up down right	1	Objects/Map1.png	11	4
cloudy river up down	0	Objects/Map0.png	6	4
cloudy river up down	1	Objects/Map1.png	6	4
cloudy river up left right	0	Objects/Map0.png	10	5
cloudy river up left right	1	Objects/Map1.png	10	5
cloudy river up left	0	Objects/Map0.png	8	5
cloudy river up left	1	Objects/Map1.png	8	5
cloudy river up right	0	Objects/Map0.png	6	5
cloudy river up right	1	Objects/Map1.png	6	5
club	0	Items/ShortWep.png	1	2
clumsy mitt	0	Items/Glove.png	2	0
cobra	0	Characters/Reptile0.png	5	4
cobra	1	Characters/Reptile1.png	5	4
cockatrice	0	Characters/Reptile0.png	1	7
cockatrice	1	Characters/Reptile1.png	1	7
code book	0	Items/Book.png	1	5
coffin a	0	Objects/Decor0.png	6	10
coffin b	0	Objects/Decor0.png	7	10
cogdog	0	Characters/Dog0.png	1	3
cogdog	1	Characters/Dog1.png	1	3
cold beam h	0	Objects/Effect0.png	1	16
cold beam h	1	Objects/Effect1.png	1	16
cold beam l	0	Objects/Effect0.png	2	16
cold beam l	1	Objects/Effect1.png	2	16
cold beam r	0	Objects/Effect0.png	3	16
cold beam r	1	Objects/Effect1.png	3	16
cold beam v	0	Objects/Effect0.png	0	16
cold beam v	1	Objects/Effect1.png	0	16
cold steel wand	0	Items/Wand.png	4	3
collector	0	Characters/Player0.png	3	1
collector	1	Characters/Player1.png	3	1
colorwind mail	0	Items/Armor.png	3	8
comic book	0	Items/Book.png	5	1
composite bow	0	Items/Ammo.png	1	1
condor	0	Characters/Avian0.png	7	4
condor	1	Characters/Avian1.png	7	4
confirm box	0	GUI/GUI0.png	10	2
confirm box	1	GUI/GUI1.png	10	2
confused box	0	GUI/GUI0.png	13	3
confused box	1	GUI/GUI1.png	13	3
connective tissue	0	Items/Flesh.png	4	1
convict	0	Characters/Player0.png	7	1
convict	1	Characters/Player1.png	7	1
copper coin	0	Items/Money.png	2	0
copper ring	0	Items/Ring.png	6	0
copper wand	0	Items/Wand.png	2	1
coral ring	0	Items/Ring.png	4	2
cormorant	0	Characters/Avian0.png	1	6
cormorant	1	Characters/Avian1.png	1	6
corn	0	Items/Food.png	6	3
corpse	0	Items/Flesh.png	0	0
cow bell	0	Items/Amulet.png	4	0
coyote	0	Characters/Dog0.png	3	0
coyote	1	Characters/Dog1.png	3	0
cream pie	0	Items/Food.png	1	5
crested helm	0	Items/Hat.png	4	0
crocodile	0	Characters/Reptile0.png	1	9
crocodile	1	Characters/Reptile1.png	1	9
croesus	0	Characters/Humanoid0.png	2	15
croesus	1	Characters/Humanoid1.png	2	15
crossbow bolt	0	Items/Ammo.png	4	2
crossbow	0	Items/Ammo.png	5	1
crysknife	0	Items/ShortWep.png	4	0
crystal ball	0	Items/Tool.png	1	0
crystal golem	0	Characters/Elemental0.png	5	1
crystal golem	1	Characters/Elemental1.png	5	1
crystal shelves	0	Objects/Decor0.png	2	4
crystal wand	0	Items/Wand.png	2	0
cthulhu	0	Characters/Demon0.png	5	2
cthulhu	1	Characters/Demon1.png	5	2
curved wand	0	Items/Wand.png	7	2
cyan potion	0	Items/Potion.png	6	0
cyan scroll	0	Items/Scroll.png	1	2
cyclops	0	Characters/Humanoid0.png	1	1
cyclops	1	Characters/Humanoid1.png	1	1
dagger	0	Items/ShortWep.png	0	0
dairy bottle	0	Objects/Decor0.png	2	3
dairy cow	0	Characters/Quadraped0.png	1	1
dairy cow	1	Characters/Quadraped1.png	1	1
dairy pot	0	Objects/Decor0.png	3	3
dao	0	Characters/Humanoid0.png	2	18
dao	1	Characters/Humanoid1.png	2	18
dark acid wall center	0	Objects/Wall.png	15	37
dark acid wall flat	0	Objects/Wall.png	17	36
dark acid wall left down	0	Objects/Wall.png	16	36
dark acid wall left right down	0	Objects/Wall.png	18	36
dark acid wall left right up down	0	Objects/Wall.png	18	37
dark acid wall left right up	0	Objects/Wall.png	18	38
dark acid wall left right	0	Objects/Wall.png	15	36
dark acid wall left up down	0	Objects/Wall.png	19	37
dark acid wall left up	0	Objects/Wall.png	16	38
dark acid wall right down	0	Objects/Wall.png	14	36
dark acid wall right up down	0	Objects/Wall.png	17	37
dark acid wall right up	0	Objects/Wall.png	14	38
dark acid wall up down	0	Objects/Wall.png	14	37
dark angel	0	Characters/Humanoid0.png	1	16
dark angel	1	Characters/Humanoid1.png	1	16
dark black c	0	GUI/GUI0.png	2	8
dark black e	0	GUI/GUI0.png	11	17
dark black n	0	GUI/GUI0.png	10	16
dark black ne	0	GUI/GUI0.png	11	16
dark black nw	0	GUI/GUI0.png	9	16
dark black s	0	GUI/GUI0.png	10	18
dark black se	0	GUI/GUI0.png	11	18
dark black square	0	GUI/GUI0.png	8	16
dark black sw	0	GUI/GUI0.png	9	18
dark black w	0	GUI/GUI0.png	9	17
dark blue wall center	0	Objects/Wall.png	8	49
dark blue wall flat	0	Objects/Floor.png	11	0
dark blue wall left down	0	Objects/Wall.png	9	48
dark blue wall left right down	0	Objects/Wall.png	11	48
dark blue wall left right up down	0	Objects/Wall.png	11	48
dark blue wall left right up	0	Objects/Wall.png	8	48
dark blue wall left right	0	Objects/Wall.png	8	48
dark blue wall left up down	0	Objects/Wall.png	9	48
dark blue wall left up	0	Objects/Wall.png	9	50
dark blue wall right down	0	Objects/Wall.png	7	48
dark blue wall right up down	0	Objects/Wall.png	10	49
dark blue wall right up	0	Objects/Wall.png	7	50
dark blue wall up down	0	Objects/Wall.png	7	49
dark brick wall center	0	Objects/Wall.png	1	13
dark brick wall flat	0	Objects/Wall.png	3	12
dark brick wall left down	0	Objects/Wall.png	2	12
dark brick wall left right down	0	Objects/Wall.png	4	12
dark brick wall left right up down	0	Objects/Wall.png	4	13
dark brick wall left right up	0	Objects/Wall.png	1	12
dark brick wall left right	0	Objects/Wall.png	1	12
dark brick wall left up down	0	Objects/Wall.png	5	13
dark brick wall left up	0	Objects/Wall.png	2	14
dark brick wall right down	0	Objects/Wall.png	0	12
dark brick wall right up down	0	Objects/Wall.png	3	13
dark brick wall right up	0	Objects/Wall.png	0	14
dark brick wall up down	0	Objects/Wall.png	0	13
dark brown c	0	GUI/GUI0.png	14	14
dark brown e	0	GUI/GUI0.png	15	14
dark brown n	0	GUI/GUI0.png	14	13
dark brown ne	0	GUI/GUI0.png	15	13
dark brown nw	0	GUI/GUI0.png	13	13
dark brown s	0	GUI/GUI0.png	14	15
dark brown se	0	GUI/GUI0.png	15	15
dark brown square	0	GUI/GUI0.png	12	13
dark brown sw	0	GUI/GUI0.png	13	15
dark brown w	0	GUI/GUI0.png	13	14
dark burst c	0	Objects/Effect0.png	1	4
dark burst c	1	Objects/Effect1.png	1	4
dark burst e	0	Objects/Effect0.png	2	4
dark burst e	1	Objects/Effect1.png	2	4
dark burst n	0	Objects/Effect0.png	1	3
dark burst n	1	Objects/Effect1.png	1	3
dark burst ne	0	Objects/Effect0.png	2	3
dark burst ne	1	Objects/Effect1.png	2	3
dark burst nw	0	Objects/Effect0.png	0	3
dark burst nw	1	Objects/Effect1.png	0	3
dark burst s	0	Objects/Effect0.png	1	5
dark burst s	1	Objects/Effect1.png	1	5
dark burst se	0	Objects/Effect0.png	2	5
dark burst se	1	Objects/Effect1.png	2	5
dark burst sw	0	Objects/Effect0.png	0	5
dark burst sw	1	Objects/Effect1.png	0	5
dark burst w	0	Objects/Effect0.png	0	4
dark burst w	1	Objects/Effect1.png	0	4
dark deep wall center	0	Objects/Wall.png	8	25
dark deep wall flat	0	Objects/Wall.png	10	24
dark deep wall left down	0	Objects/Wall.png	9	24
dark deep wall left right down	0	Objects/Wall.png	11	24
dark deep wall left right up down	0	Objects/Wall.png	11	25
dark deep wall left right up	0	Objects/Wall.png	11	26
dark deep wall left right	0	Objects/Wall.png	8	24
dark deep wall left up down	0	Objects/Wall.png	12	25
dark deep wall left up	0	Objects/Wall.png	9	26
dark deep wall right down	0	Objects/Wall.png	7	24
dark deep wall right up down	0	Objects/Wall.png	10	25
dark deep wall right up	0	Objects/Wall.png	7	26
dark deep wall up down	0	Objects/Wall.png	7	25
dark fort wall center	0	Objects/Wall.png	8	13
dark fort wall flat	0	Objects/Wall.png	10	12
dark fort wall left down	0	Objects/Wall.png	9	12
dark fort wall left right down	0	Objects/Wall.png	11	12
dark fort wall left right up down	0	Objects/Wall.png	11	13
dark fort wall left right up	0	Objects/Wall.png	11	14
dark fort wall left right	0	Objects/Wall.png	8	12
dark fort wall left up down	0	Objects/Wall.png	7	13
dark fort wall left up	0	Objects/Wall.png	9	14
dark fort wall right down	0	Objects/Wall.png	7	12
dark fort wall right up down	0	Objects/Wall.png	7	13
dark fort wall right up	0	Objects/Wall.png	7	14
dark fort wall up down	0	Objects/Wall.png	7	13
dark green potion	0	Items/Potion.png	5	0
dark heat wall center	0	Objects/Wall.png	8	37
dark heat wall flat	0	Objects/Wall.png	10	36
dark heat wall left down	0	Objects/Wall.png	9	36
dark heat wall left right down	0	Objects/Wall.png	11	36
dark heat wall left right up down	0	Objects/Wall.png	11	37
dark heat wall left right up	0	Objects/Wall.png	11	38
dark heat wall left right	0	Objects/Wall.png	8	36
dark heat wall left up down	0	Objects/Wall.png	12	37
dark heat wall left up	0	Objects/Wall.png	9	38
dark heat wall right down	0	Objects/Wall.png	7	36
dark heat wall right up down	0	Objects/Wall.png	10	37
dark heat wall right up	0	Objects/Wall.png	7	38
dark heat wall up down	0	Objects/Wall.png	7	37
dark ice wall center	0	Objects/Wall.png	1	37
dark ice wall flat	0	Objects/Wall.png	3	36
dark ice wall left down	0	Objects/Wall.png	2	36
dark ice wall left right down	0	Objects/Wall.png	4	36
dark ice wall left right up down	0	Objects/Wall.png	4	37
dark ice wall left right up	0	Objects/Wall.png	4	38
dark ice wall left right	0	Objects/Wall.png	1	36
dark ice wall left up down	0	Objects/Wall.png	5	37
dark ice wall left up	0	Objects/Wall.png	2	38
dark ice wall right down	0	Objects/Wall.png	0	36
dark ice wall right up down	0	Objects/Wall.png	3	37
dark ice wall right up	0	Objects/Wall.png	0	38
dark ice wall up down	0	Objects/Wall.png	0	37
dark infernal wall center	0	Objects/Wall.png	15	25
dark infernal wall flat	0	Objects/Wall.png	17	24
dark infernal wall left down	0	Objects/Wall.png	16	24
dark infernal wall left right down	0	Objects/Wall.png	18	24
dark infernal wall left right up down	0	Objects/Wall.png	18	25
dark infernal wall left right up	0	Objects/Wall.png	18	26
dark infernal wall left right	0	Objects/Wall.png	15	24
dark infernal wall left up down	0	Objects/Wall.png	19	25
dark infernal wall left up	0	Objects/Wall.png	16	26
dark infernal wall right down	0	Objects/Wall.png	14	24
dark infernal wall right up down	0	Objects/Wall.png	17	25
dark infernal wall right up	0	Objects/Wall.png	14	26
dark infernal wall up down	0	Objects/Wall.png	14	25
dark mangrove dense	0	Objects/Tree0.png	7	34
dark mangrove ne se	0	Objects/Tree0.png	8	34
dark mangrove ne sw se	0	Objects/Tree0.png	8	35
dark mangrove ne sw	0	Objects/Tree0.png	11	35
dark mangrove ne	0	Objects/Tree0.png	10	34
dark mangrove nw ne se	0	Objects/Tree0.png	8	33
dark mangrove nw ne sw se	0	Objects/Tree0.png	9	33
dark mangrove nw ne sw	0	Objects/Tree0.png	6	33
dark mangrove nw ne	0	Objects/Tree0.png	7	33
dark mangrove nw se	0	Objects/Tree0.png	10	35
dark mangrove nw sw se	0	Objects/Tree0.png	6	35
dark mangrove nw sw	0	Objects/Tree0.png	6	34
dark mangrove nw	0	Objects/Tree0.png	11	34
dark mangrove se	0	Objects/Tree0.png	10	33
dark mangrove sw se	0	Objects/Tree0.png	7	35
dark mangrove sw	0	Objects/Tree0.png	11	33
dark mine wall center	0	Objects/Wall.png	15	13
dark mine wall flat	0	Objects/Wall.png	17	12
dark mine wall left down	0	Objects/Wall.png	16	12
dark mine wall left right down	0	Objects/Wall.png	18	12
dark mine wall left right up down	0	Objects/Wall.png	18	13
dark mine wall left right up	0	Objects/Wall.png	18	14
dark mine wall left right	0	Objects/Wall.png	15	12
dark mine wall left up down	0	Objects/Wall.png	19	13
dark mine wall left up	0	Objects/Wall.png	16	14
dark mine wall right down	0	Objects/Wall.png	14	12
dark mine wall right up down	0	Objects/Wall.png	17	13
dark mine wall right up	0	Objects/Wall.png	14	14
dark mine wall up down	0	Objects/Wall.png	14	13
dark oak dense	0	Objects/Tree0.png	1	7
dark oak ne se	0	Objects/Tree0.png	2	7
dark oak ne sw se	0	Objects/Tree0.png	2	8
dark oak ne sw	0	Objects/Tree0.png	5	8
dark oak ne	0	Objects/Tree0.png	4	7
dark oak nw ne se	0	Objects/Tree0.png	2	6
dark oak nw ne sw se	0	Objects/Tree0.png	3	6
dark oak nw ne sw	0	Objects/Tree0.png	0	6
dark oak nw ne	0	Objects/Tree0.png	1	6
dark oak nw se	0	Objects/Tree0.png	4	8
dark oak nw sw se	0	Objects/Tree0.png	0	8
dark oak nw sw	0	Objects/Tree0.png	0	7
dark oak nw	0	Objects/Tree0.png	5	7
dark oak se	0	Objects/Tree0.png	4	6
dark oak sw se	0	Objects/Tree0.png	1	8
dark oak sw	0	Objects/Tree0.png	5	6
dark one	0	Characters/Undead0.png	1	8
dark one	1	Characters/Undead1.png	1	8
dark orange wall center	0	Objects/Wall.png	1	49
dark orange wall flat	0	Objects/Floor.png	12	0
dark orange wall left down	0	Objects/Wall.png	2	48
dark orange wall left right down	0	Objects/Wall.png	4	48
dark orange wall left right up down	0	Objects/Wall.png	4	49
dark orange wall left right up	0	Objects/Wall.png	4	50
dark orange wall left right	0	Objects/Wall.png	1	48
dark orange wall left up down	0	Objects/Wall.png	5	49
dark orange wall left up	0	Objects/Wall.png	2	50
dark orange wall right down	0	Objects/Wall.png	0	48
dark orange wall right up down	0	Objects/Wall.png	3	49
dark orange wall right up	0	Objects/Wall.png	0	50
dark orange wall up down	0	Objects/Wall.png	0	49
dark peak alone	0	Objects/Hill0.png	11	3
dark peak c	0	Objects/Hill0.png	9	4
dark peak e	0	Objects/Hill0.png	10	4
dark peak n	0	Objects/Hill0.png	9	3
dark peak ne	0	Objects/Hill0.png	10	3
dark peak nw	0	Objects/Hill0.png	8	3
dark peak s	0	Objects/Hill0.png	9	5
dark peak se	0	Objects/Hill0.png	10	5
dark peak sw	0	Objects/Hill0.png	8	5
dark peak w	0	Objects/Hill0.png	8	4
dark pine dense	0	Objects/Tree0.png	1	19
dark pine ne se	0	Objects/Tree0.png	2	19
dark pine ne sw se	0	Objects/Tree0.png	2	20
dark pine ne sw	0	Objects/Tree0.png	5	20
dark pine ne	0	Objects/Tree0.png	4	19
dark pine nw ne se	0	Objects/Tree0.png	2	18
dark pine nw ne sw se	0	Objects/Tree0.png	3	18
dark pine nw ne sw	0	Objects/Tree0.png	0	18
dark pine nw ne	0	Objects/Tree0.png	1	18
dark pine nw se	0	Objects/Tree0.png	4	20
dark pine nw sw se	0	Objects/Tree0.png	0	20
dark pine nw sw	0	Objects/Tree0.png	0	19
dark pine nw	0	Objects/Tree0.png	5	19
dark pine se	0	Objects/Tree0.png	4	18
dark pine sw se	0	Objects/Tree0.png	1	20
dark pine sw	0	Objects/Tree0.png	5	18
dark potion	0	Items/Potion.png	6	2
dark rock wall center	0	Objects/Wall.png	1	25
dark rock wall flat	0	Objects/Wall.png	3	24
dark rock wall left down	0	Objects/Wall.png	2	24
dark rock wall left right down	0	Objects/Wall.png	4	24
dark rock wall left right up down	0	Objects/Wall.png	4	25
dark rock wall left right up	0	Objects/Wall.png	4	26
dark rock wall left right	0	Objects/Wall.png	1	24
dark rock wall left up down	0	Objects/Wall.png	5	25
dark rock wall left up	0	Objects/Wall.png	2	26
dark rock wall right down	0	Objects/Wall.png	0	24
dark rock wall right up down	0	Objects/Wall.png	3	25
dark rock wall right up	0	Objects/Wall.png	0	26
dark rock wall up down	0	Objects/Wall.png	0	25
dark scroll	0	Items/Scroll.png	2	2
dark snow wall center	0	Objects/Wall.png	15	49
dark snow wall flat	0	Objects/Wall.png	17	48
dark snow wall left down	0	Objects/Wall.png	16	48
dark snow wall left right down	0	Objects/Wall.png	18	48
dark snow wall left right up down	0	Objects/Wall.png	18	48
dark snow wall left right up	0	Objects/Wall.png	15	48
dark snow wall left right	0	Objects/Wall.png	15	48
dark snow wall left up down	0	Objects/Wall.png	16	48
dark snow wall left up	0	Objects/Wall.png	16	50
dark snow wall right down	0	Objects/Wall.png	14	48
dark snow wall right up down	0	Objects/Wall.png	14	48
dark snow wall right up	0	Objects/Wall.png	14	50
dark snow wall up down	0	Objects/Wall.png	14	49
dark snowcap alone	0	Objects/Hill0.png	11	9
dark snowcap c	0	Objects/Hill0.png	9	10
dark snowcap e	0	Objects/Hill0.png	10	10
dark snowcap n	0	Objects/Hill0.png	9	9
dark snowcap ne	0	Objects/Hill0.png	10	9
dark snowcap nw	0	Objects/Hill0.png	8	9
dark snowcap s	0	Objects/Hill0.png	9	11
dark snowcap se	0	Objects/Hill0.png	10	11
dark snowcap sw	0	Objects/Hill0.png	8	11
dark snowcap w	0	Objects/Hill0.png	8	10
dark snowy bare oak dense	0	Objects/Tree0.png	7	13
dark snowy bare oak ne se	0	Objects/Tree0.png	8	13
dark snowy bare oak ne sw se	0	Objects/Tree0.png	8	14
dark snowy bare oak ne sw	0	Objects/Tree0.png	11	14
dark snowy bare oak ne	0	Objects/Tree0.png	10	13
dark snowy bare oak nw ne se	0	Objects/Tree0.png	8	12
dark snowy bare oak nw ne sw se	0	Objects/Tree0.png	9	12
dark snowy bare oak nw ne sw	0	Objects/Tree0.png	6	12
dark snowy bare oak nw ne	0	Objects/Tree0.png	7	12
dark snowy bare oak nw se	0	Objects/Tree0.png	10	14
dark snowy bare oak nw sw se	0	Objects/Tree0.png	6	14
dark snowy bare oak nw sw	0	Objects/Tree0.png	6	13
dark snowy bare oak nw	0	Objects/Tree0.png	11	13
dark snowy bare oak se	0	Objects/Tree0.png	10	12
dark snowy bare oak sw se	0	Objects/Tree0.png	7	14
dark snowy bare oak sw	0	Objects/Tree0.png	11	12
dark snowy bare pine dense	0	Objects/Tree0.png	7	25
dark snowy bare pine ne se	0	Objects/Tree0.png	8	25
dark snowy bare pine ne sw se	0	Objects/Tree0.png	8	26
dark snowy bare pine ne sw	0	Objects/Tree0.png	11	26
dark snowy bare pine ne	0	Objects/Tree0.png	10	25
dark snowy bare pine nw ne se	0	Objects/Tree0.png	8	24
dark snowy bare pine nw ne sw se	0	Objects/Tree0.png	9	24
dark snowy bare pine nw ne sw	0	Objects/Tree0.png	6	24
dark snowy bare pine nw ne	0	Objects/Tree0.png	7	24
dark snowy bare pine nw se	0	Objects/Tree0.png	10	26
dark snowy bare pine nw sw se	0	Objects/Tree0.png	6	26
dark snowy bare pine nw sw	0	Objects/Tree0.png	6	25
dark snowy bare pine nw	0	Objects/Tree0.png	11	25
dark snowy bare pine se	0	Objects/Tree0.png	10	24
dark snowy bare pine sw se	0	Objects/Tree0.png	7	26
dark snowy bare pine sw	0	Objects/Tree0.png	11	24
dark snowy oak dense	0	Objects/Tree0.png	1	13
dark snowy oak ne se	0	Objects/Tree0.png	2	13
dark snowy oak ne sw se	0	Objects/Tree0.png	2	14
dark snowy oak ne sw	0	Objects/Tree0.png	5	14
dark snowy oak ne	0	Objects/Tree0.png	4	13
dark snowy oak nw ne se	0	Objects/Tree0.png	2	12
dark snowy oak nw ne sw se	0	Objects/Tree0.png	3	12
dark snowy oak nw ne sw	0	Objects/Tree0.png	0	12
dark snowy oak nw ne	0	Objects/Tree0.png	1	12
dark snowy oak nw se	0	Objects/Tree0.png	4	14
dark snowy oak nw sw se	0	Objects/Tree0.png	0	14
dark snowy oak nw sw	0	Objects/Tree0.png	0	13
dark snowy oak nw	0	Objects/Tree0.png	5	13
dark snowy oak se	0	Objects/Tree0.png	4	12
dark snowy oak sw se	0	Objects/Tree0.png	1	14
dark snowy oak sw	0	Objects/Tree0.png	5	12
dark snowy pine dense	0	Objects/Tree0.png	1	25
dark snowy pine ne se	0	Objects/Tree0.png	2	25
dark snowy pine ne sw se	0	Objects/Tree0.png	2	26
dark snowy pine ne sw	0	Objects/Tree0.png	5	26
dark snowy pine ne	0	Objects/Tree0.png	4	25
dark snowy pine nw ne se	0	Objects/Tree0.png	2	24
dark snowy pine nw ne sw se	0	Objects/Tree0.png	3	24
dark snowy pine nw ne sw	0	Objects/Tree0.png	0	24
dark snowy pine nw ne	0	Objects/Tree0.png	1	24
dark snowy pine nw se	0	Objects/Tree0.png	4	26
dark snowy pine nw sw se	0	Objects/Tree0.png	0	26
dark snowy pine nw sw	0	Objects/Tree0.png	0	25
dark snowy pine nw	0	Objects/Tree0.png	5	25
dark snowy pine se	0	Objects/Tree0.png	4	24
dark snowy pine sw se	0	Objects/Tree0.png	1	26
dark snowy pine sw	0	Objects/Tree0.png	5	24
dark tile	0	Objects/Tile.png	2	2
dark tome	0	Items/Book.png	3	6
dark volcano alone	0	Objects/Hill0.png	11	15
dark volcano alone	1	Objects/Hill1.png	11	15
dark volcano c	0	Objects/Hill0.png	9	16
dark volcano c	1	Objects/Hill1.png	9	16
dark volcano e	0	Objects/Hill0.png	10	16
dark volcano e	1	Objects/Hill1.png	10	16
dark volcano n	0	Objects/Hill0.png	9	15
dark volcano n	1	Objects/Hill1.png	9	15
dark volcano ne	0	Objects/Hill0.png	10	15
dark volcano ne	1	Objects/Hill1.png	10	15
dark volcano nw	0	Objects/Hill0.png	8	15
dark volcano nw	1	Objects/Hill1.png	8	15
dark volcano s	0	Objects/Hill0.png	9	17
dark volcano s	1	Objects/Hill1.png	9	17
dark volcano se	0	Objects/Hill0.png	10	17
dark volcano se	1	Objects/Hill1.png	10	17
dark volcano sw	0	Objects/Hill0.png	8	17
dark volcano sw	1	Objects/Hill1.png	8	17
dark volcano w	0	Objects/Hill0.png	8	16
dark volcano w	1	Objects/Hill1.png	8	16
darkwyrm armor	0	Items/Armor.png	0	1
darkwyrm scales	0	Items/Armor.png	0	3
darkwyrm	0	Characters/Reptile0.png	1	2
darkwyrm	1	Characters/Reptile1.png	1	2
dart trap tile	0	Objects/Trap0.png	1	0
dart	0	Items/Ammo.png	0	3
day boulder c	0	GUI/GUI0.png	14	8
day boulder e	0	Objects/Floor.png	16	19
day boulder n	0	Objects/Floor.png	15	18
day boulder ne	0	Objects/Floor.png	16	18
day boulder ns	0	Objects/Floor.png	19	19
day boulder nse	0	Objects/Floor.png	20	19
day boulder nsw	0	Objects/Floor.png	18	19
day boulder nswe	0	Objects/Floor.png	19	18
day boulder nw	0	Objects/Floor.png	14	18
day boulder nwe	0	Objects/Floor.png	17	18
day boulder s	0	Objects/Floor.png	15	20
day boulder se	0	Objects/Floor.png	16	20
day boulder sw	0	Objects/Floor.png	14	20
day boulder swe	0	Objects/Floor.png	17	20
day boulder w	0	Objects/Floor.png	14	19
day boulder we	0	Objects/Floor.png	17	19
day brick floor c	0	Objects/Floor.png	8	19
day brick floor e	0	Objects/Floor.png	9	19
day brick floor n	0	Objects/Floor.png	8	18
day brick floor ne	0	Objects/Floor.png	9	18
day brick floor ns	0	Objects/Floor.png	12	19
day brick floor nse	0	Objects/Floor.png	13	19
day brick floor nsw	0	Objects/Floor.png	11	19
day brick floor nswe	0	Objects/Floor.png	12	18
day brick floor nw	0	Objects/Floor.png	7	18
day brick floor nwe	0	Objects/Floor.png	10	18
day brick floor s	0	Objects/Floor.png	8	20
day brick floor se	0	Objects/Floor.png	9	20
day brick floor sw	0	Objects/Floor.png	7	20
day brick floor swe	0	Objects/Floor.png	10	20
day brick floor w	0	Objects/Floor.png	7	19
day brick floor we	0	Objects/Floor.png	10	19
day dirt floor c	0	Objects/Floor.png	1	19
day dirt floor e	0	Objects/Floor.png	2	19
day dirt floor n	0	Objects/Floor.png	1	18
day dirt floor ne	0	Objects/Floor.png	2	18
day dirt floor ns	0	Objects/Floor.png	5	19
day dirt floor nse	0	Objects/Floor.png	6	19
day dirt floor nsw	0	Objects/Floor.png	4	19
day dirt floor nswe	0	Objects/Floor.png	5	18
day dirt floor nw	0	Objects/Floor.png	0	18
day dirt floor nwe	0	Objects/Floor.png	3	18
day dirt floor s	0	Objects/Floor.png	1	20
day dirt floor se	0	Objects/Floor.png	2	20
day dirt floor sw	0	Objects/Floor.png	0	20
day dirt floor swe	0	Objects/Floor.png	3	20
day dirt floor w	0	Objects/Floor.png	0	19
day dirt floor we	0	Objects/Floor.png	3	19
day grass floor c	0	Objects/Floor.png	8	7
day grass floor e	0	Objects/Floor.png	9	7
day grass floor n	0	Objects/Floor.png	8	6
day grass floor ne	0	Objects/Floor.png	9	6
day grass floor ns	0	Objects/Floor.png	12	7
day grass floor nse	0	Objects/Floor.png	13	7
day grass floor nsw	0	Objects/Floor.png	11	7
day grass floor nswe	0	Objects/Floor.png	12	6
day grass floor nw	0	Objects/Floor.png	7	6
day grass floor nwe	0	Objects/Floor.png	10	6
day grass floor s	0	Objects/Floor.png	8	8
day grass floor se	0	Objects/Floor.png	9	8
day grass floor sw	0	Objects/Floor.png	7	8
day grass floor swe	0	Objects/Floor.png	10	8
day grass floor w	0	Objects/Floor.png	7	7
day grass floor we	0	Objects/Floor.png	10	7
day plowed field c	0	Objects/Floor.png	1	31
day plowed field e	0	Objects/Floor.png	2	31
day plowed field n	0	Objects/Floor.png	1	30
day plowed field ne	0	Objects/Floor.png	2	30
day plowed field ns	0	Objects/Floor.png	5	31
day plowed field nse	0	Objects/Floor.png	6	31
day plowed field nsw	0	Objects/Floor.png	4	31
day plowed field nswe	0	Objects/Floor.png	5	30
day plowed field nw	0	Objects/Floor.png	0	30
day plowed field nwe	0	Objects/Floor.png	3	30
day plowed field s	0	Objects/Floor.png	1	32
day plowed field se	0	Objects/Floor.png	2	32
day plowed field sw	0	Objects/Floor.png	0	32
day plowed field swe	0	Objects/Floor.png	3	32
day plowed field w	0	Objects/Floor.png	0	31
day plowed field we	0	Objects/Floor.png	3	31
day stone floor c	0	Objects/Floor.png	15	7
day stone floor e	0	Objects/Floor.png	16	7
day stone floor n	0	Objects/Floor.png	15	6
day stone floor ne	0	Objects/Floor.png	16	6
day stone floor ns	0	Objects/Floor.png	19	7
day stone floor nse	0	Objects/Floor.png	20	7
day stone floor nsw	0	Objects/Floor.png	18	7
day stone floor nswe	0	Objects/Floor.png	19	6
day stone floor nw	0	Objects/Floor.png	14	6
day stone floor nwe	0	Objects/Floor.png	17	6
day stone floor s	0	Objects/Floor.png	15	8
day stone floor se	0	Objects/Floor.png	16	8
day stone floor sw	0	Objects/Floor.png	14	8
day stone floor swe	0	Objects/Floor.png	17	8
day stone floor w	0	Objects/Floor.png	14	7
day stone floor we	0	Objects/Floor.png	17	7
day tile floor c	0	Objects/Floor.png	1	7
day tile floor e	0	Objects/Floor.png	2	7
day tile floor n	0	Objects/Floor.png	1	6
day tile floor ne	0	Objects/Floor.png	2	6
day tile floor ns	0	Objects/Floor.png	5	7
day tile floor nse	0	Objects/Floor.png	6	7
day tile floor nsw	0	Objects/Floor.png	4	7
day tile floor nswe	0	Objects/Floor.png	5	6
day tile floor nw	0	Objects/Floor.png	0	6
day tile floor nwe	0	Objects/Floor.png	3	6
day tile floor s	0	Objects/Floor.png	1	8
day tile floor se	0	Objects/Floor.png	2	8
day tile floor sw	0	Objects/Floor.png	0	8
day tile floor swe	0	Objects/Floor.png	3	8
day tile floor w	0	Objects/Floor.png	0	7
day tile floor we	0	Objects/Floor.png	3	7
dead marker	0	GUI/GUI0.png	5	5
dead marker	1	GUI/GUI1.png	5	5
deaf box	0	GUI/GUI0.png	13	4
deaf box	1	GUI/GUI1.png	13	4
death beam h	0	Objects/Effect0.png	5	17
death beam h	1	Objects/Effect1.png	5	17
death beam l	0	Objects/Effect0.png	6	17
death beam l	1	Objects/Effect1.png	6	17
death beam r	0	Objects/Effect0.png	7	17
death beam r	1	Objects/Effect1.png	7	17
death beam v	0	Objects/Effect0.png	4	17
death beam v	1	Objects/Effect1.png	4	17
death	0	Characters/Undead0.png	0	5
death	1	Characters/Undead1.png	0	5
deep orc	0	Characters/Humanoid0.png	2	4
deep orc	1	Characters/Humanoid1.png	2	4
deep water tile	0	Objects/Tile.png	1	0
deer	0	Characters/Quadraped0.png	1	8
deer	1	Characters/Quadraped1.png	1	8
delving guide	0	Items/Book.png	6	2
demilich	0	Characters/Undead0.png	5	2
demilich	1	Characters/Undead1.png	5	2
demogorgon	0	Characters/Demon0.png	4	2
demogorgon	1	Characters/Demon1.png	4	2
demon shrub	0	Characters/Plant0.png	2	0
demon shrub	1	Characters/Plant1.png	2	0
demon tree	0	Characters/Plant0.png	2	1
demon tree	1	Characters/Plant1.png	2	1
dented pot	0	Items/Hat.png	0	0
derro brute	0	Characters/Demon0.png	1	7
derro brute	1	Characters/Demon1.png	1	7
derro slaver	0	Characters/Demon0.png	0	7
derro slaver	1	Characters/Demon1.png	0	7
desert cloak	0	Items/Armor.png	1	4
desperado	0	Characters/Player0.png	7	4
desperado	1	Characters/Player1.png	7	4
devil snare	0	Characters/Plant0.png	0	6
devil snare	1	Characters/Plant1.png	0	6
diamond ring	0	Items/Ring.png	5	3
diamond tile	0	Objects/Tile.png	7	2
dim acid wall center	0	Objects/Wall.png	15	34
dim acid wall flat	0	Objects/Wall.png	17	33
dim acid wall left down	0	Objects/Wall.png	16	33
dim acid wall left right down	0	Objects/Wall.png	18	33
dim acid wall left right up down	0	Objects/Wall.png	18	34
dim acid wall left right up	0	Objects/Wall.png	18	35
dim acid wall left right	0	Objects/Wall.png	15	33
dim acid wall left up down	0	Objects/Wall.png	19	34
dim acid wall left up	0	Objects/Wall.png	16	35
dim acid wall right down	0	Objects/Wall.png	14	33
dim acid wall right up down	0	Objects/Wall.png	17	34
dim acid wall right up	0	Objects/Wall.png	14	35
dim acid wall up down	0	Objects/Wall.png	14	34
dim blue wall center	0	Objects/Wall.png	8	46
dim blue wall flat	0	GUI/GUI0.png	14	17
dim blue wall left down	0	Objects/Wall.png	9	45
dim blue wall left right down	0	Objects/Wall.png	11	45
dim blue wall left right up down	0	Objects/Wall.png	11	46
dim blue wall left right up	0	Objects/Wall.png	4	47
dim blue wall left right	0	Objects/Wall.png	1	45
dim blue wall left up down	0	Objects/Wall.png	12	46
dim blue wall left up	0	Objects/Wall.png	2	47
dim blue wall right down	0	Objects/Wall.png	7	45
dim blue wall right up down	0	Objects/Wall.png	10	46
dim blue wall right up	0	Objects/Wall.png	7	47
dim blue wall up down	0	Objects/Wall.png	7	46
dim brick wall center	0	Objects/Wall.png	1	10
dim brick wall flat	0	Objects/Wall.png	3	9
dim brick wall left down	0	Objects/Wall.png	2	9
dim brick wall left right down	0	Objects/Wall.png	4	9
dim brick wall left right up down	0	Objects/Wall.png	4	10
dim brick wall left right up	0	Objects/Wall.png	4	11
dim brick wall left right	0	Objects/Wall.png	1	9
dim brick wall left up down	0	Objects/Wall.png	5	10
dim brick wall left up	0	Objects/Wall.png	2	11
dim brick wall right down	0	Objects/Wall.png	0	9
dim brick wall right up down	0	Objects/Wall.png	3	10
dim brick wall right up	0	Objects/Wall.png	0	11
dim brick wall up down	0	Objects/Wall.png	0	10
dim deep wall center	0	Objects/Wall.png	8	22
dim deep wall flat	0	Objects/Wall.png	10	21
dim deep wall left down	0	Objects/Wall.png	9	21
dim deep wall left right down	0	Objects/Wall.png	11	21
dim deep wall left right up down	0	Objects/Wall.png	11	22
dim deep wall left right up	0	Objects/Wall.png	11	23
dim deep wall left right	0	Objects/Wall.png	8	21
dim deep wall left up down	0	Objects/Wall.png	12	22
dim deep wall left up	0	Objects/Wall.png	9	23
dim deep wall right down	0	Objects/Wall.png	7	21
dim deep wall right up down	0	Objects/Wall.png	10	22
dim deep wall right up	0	Objects/Wall.png	7	23
dim deep wall up down	0	Objects/Wall.png	7	22
dim fort wall center	0	Objects/Wall.png	8	10
dim fort wall flat	0	Objects/Wall.png	10	9
dim fort wall left down	0	Objects/Wall.png	9	9
dim fort wall left right down	0	Objects/Wall.png	11	9
dim fort wall left right up down	0	Objects/Wall.png	11	10
dim fort wall left right up	0	Objects/Wall.png	11	11
dim fort wall left right	0	Objects/Wall.png	8	9
dim fort wall left up down	0	Objects/Wall.png	7	10
dim fort wall left up	0	Objects/Wall.png	9	11
dim fort wall right down	0	Objects/Wall.png	7	9
dim fort wall right up down	0	Objects/Wall.png	7	10
dim fort wall right up	0	Objects/Wall.png	7	11
dim fort wall up down	0	Objects/Wall.png	7	10
dim heat wall center	0	Objects/Wall.png	8	34
dim heat wall flat	0	Objects/Wall.png	10	33
dim heat wall left down	0	Objects/Wall.png	9	33
dim heat wall left right down	0	Objects/Wall.png	11	33
dim heat wall left right up down	0	Objects/Wall.png	11	34
dim heat wall left right up	0	Objects/Wall.png	11	35
dim heat wall left right	0	Objects/Wall.png	8	33
dim heat wall left up down	0	Objects/Wall.png	12	34
dim heat wall left up	0	Objects/Wall.png	9	35
dim heat wall right down	0	Objects/Wall.png	7	33
dim heat wall right up down	0	Objects/Wall.png	10	34
dim heat wall right up	0	Objects/Wall.png	7	35
dim heat wall up down	0	Objects/Wall.png	7	34
dim ice wall center	0	Objects/Wall.png	1	34
dim ice wall flat	0	Objects/Wall.png	3	33
dim ice wall left down	0	Objects/Wall.png	2	33
dim ice wall left right down	0	Objects/Wall.png	4	33
dim ice wall left right up down	0	Objects/Wall.png	4	34
dim ice wall left right up	0	Objects/Wall.png	4	35
dim ice wall left right	0	Objects/Wall.png	1	33
dim ice wall left up down	0	Objects/Wall.png	5	34
dim ice wall left up	0	Objects/Wall.png	2	35
dim ice wall right down	0	Objects/Wall.png	0	33
dim ice wall right up down	0	Objects/Wall.png	3	34
dim ice wall right up	0	Objects/Wall.png	0	35
dim ice wall up down	0	Objects/Wall.png	0	34
dim infernal wall center	0	Objects/Wall.png	15	22
dim infernal wall flat	0	Objects/Wall.png	17	21
dim infernal wall left down	0	Objects/Wall.png	16	21
dim infernal wall left right down	0	Objects/Wall.png	18	21
dim infernal wall left right up down	0	Objects/Wall.png	18	22
dim infernal wall left right up	0	Objects/Wall.png	18	23
dim infernal wall left right	0	Objects/Wall.png	15	21
dim infernal wall left up down	0	Objects/Wall.png	19	22
dim infernal wall left up	0	Objects/Wall.png	16	23
dim infernal wall right down	0	Objects/Wall.png	14	21
dim infernal wall right up down	0	Objects/Wall.png	17	22
dim infernal wall right up	0	Objects/Wall.png	14	23
dim infernal wall up down	0	Objects/Wall.png	14	22
dim mine wall center	0	Objects/Wall.png	15	10
dim mine wall flat	0	Objects/Wall.png	17	9
dim mine wall left down	0	Objects/Wall.png	16	9
dim mine wall left right down	0	Objects/Wall.png	18	9
dim mine wall left right up down	0	Objects/Wall.png	18	10
dim mine wall left right up	0	Objects/Wall.png	18	11
dim mine wall left right	0	Objects/Wall.png	15	9
dim mine wall left up down	0	Objects/Wall.png	19	10
dim mine wall left up	0	Objects/Wall.png	16	11
dim mine wall right down	0	Objects/Wall.png	14	9
dim mine wall right up down	0	Objects/Wall.png	17	10
dim mine wall right up	0	Objects/Wall.png	14	11
dim mine wall up down	0	Objects/Wall.png	14	10
dim orange wall center	0	Objects/Wall.png	1	46
dim orange wall flat	0	GUI/GUI0.png	14	17
dim orange wall left down	0	Objects/Wall.png	2	45
dim orange wall left right down	0	Objects/Wall.png	4	45
dim orange wall left right up down	0	Objects/Wall.png	4	46
dim orange wall left right up	0	Objects/Wall.png	4	47
dim orange wall left right	0	Objects/Wall.png	1	45
dim orange wall left up down	0	Objects/Wall.png	5	46
dim orange wall left up	0	Objects/Wall.png	2	47
dim orange wall right down	0	Objects/Wall.png	0	45
dim orange wall right up down	0	Objects/Wall.png	3	46
dim orange wall right up	0	Objects/Wall.png	0	47
dim orange wall up down	0	Objects/Wall.png	0	46
dim rock wall center	0	Objects/Wall.png	1	22
dim rock wall flat	0	Objects/Wall.png	3	21
dim rock wall left down	0	Objects/Wall.png	2	21
dim rock wall left right down	0	Objects/Wall.png	4	21
dim rock wall left right up down	0	Objects/Wall.png	4	22
dim rock wall left right up	0	Objects/Wall.png	4	23
dim rock wall left right	0	Objects/Wall.png	1	21
dim rock wall left up down	0	Objects/Wall.png	5	22
dim rock wall left up	0	Objects/Wall.png	2	23
dim rock wall right down	0	Objects/Wall.png	0	21
dim rock wall right up down	0	Objects/Wall.png	3	22
dim rock wall right up	0	Objects/Wall.png	0	23
dim rock wall up down	0	Objects/Wall.png	0	22
dim snow wall center	0	Objects/Wall.png	15	46
dim snow wall flat	0	Objects/Wall.png	17	45
dim snow wall left down	0	Objects/Wall.png	16	45
dim snow wall left right down	0	Objects/Wall.png	18	45
dim snow wall left right up down	0	Objects/Wall.png	18	46
dim snow wall left right up	0	Objects/Wall.png	18	47
dim snow wall left right	0	Objects/Wall.png	15	45
dim snow wall left up down	0	Objects/Wall.png	19	46
dim snow wall left up	0	Objects/Wall.png	16	47
dim snow wall right down	0	Objects/Wall.png	14	45
dim snow wall right up down	0	Objects/Wall.png	17	46
dim snow wall right up	0	Objects/Wall.png	14	47
dim snow wall up down	0	Objects/Wall.png	14	46
dingo	0	Characters/Dog0.png	2	0
dingo	1	Characters/Dog1.png	2	0
dirt trail down left right	0	Objects/Map0.png	4	3
dirt trail down left	0	Objects/Map0.png	2	3
dirt trail down right	0	Objects/Map0.png	0	3
dirt trail left right	0	Objects/Map0.png	1	3
dirt trail up down left right	0	Objects/Map0.png	4	4
dirt trail up down left	0	Objects/Map0.png	3	4
dirt trail up down right	0	Objects/Map0.png	5	4
dirt trail up down	0	Objects/Map0.png	0	4
dirt trail up left right	0	Objects/Map0.png	4	5
dirt trail up left	0	Objects/Map0.png	2	5
dirt trail up right	0	Objects/Map0.png	0	5
disc fungus	0	Items/Food.png	7	0
disintegrator	0	Characters/Rodent0.png	0	2
disintegrator	1	Characters/Rodent1.png	0	2
dispater	0	Characters/Demon0.png	2	2
dispater	1	Characters/Demon1.png	2	2
divine cyan scroll	0	Items/Scroll.png	1	5
divine gray scroll	0	Items/Scroll.png	0	5
diving guide	0	Items/Book.png	3	2
djinn	0	Characters/Humanoid0.png	0	18
djinn	1	Characters/Humanoid1.png	0	18
dog eared book	0	Items/Book.png	3	0
doom chickabay	0	Characters/Avian0.png	7	0
doom chickabay	1	Characters/Avian1.png	7	0
dove	0	Characters/Avian0.png	3	5
dove	1	Characters/Avian1.png	3	5
down marker	0	GUI/GUI0.png	0	6
down marker	1	GUI/GUI1.png	0	6
dragon skull	0	Objects/Decor0.png	0	13
dragonfly	0	Characters/Pest0.png	1	1
dragonfly	1	Characters/Pest1.png	1	1
drama story	0	Items/Book.png	0	7
dread tome	0	Items/Book.png	5	7
dreadwyrm armor	0	Items/Armor.png	2	0
dreadwyrm scales	0	Items/Armor.png	2	2
dreadwyrm	0	Characters/Reptile0.png	5	0
dreadwyrm	1	Characters/Reptile1.png	5	0
dripping potion	0	Items/Potion.png	4	3
dry grass	0	Objects/Ground0.png	2	0
dry scrub	0	Objects/Ground0.png	2	1
duck	0	Characters/Avian0.png	7	3
duck	1	Characters/Avian1.png	7	3
dull black gem	0	Items/Money.png	5	5
dull blue gem	0	Items/Money.png	4	5
dull brown gem	0	Items/Money.png	0	6
dull clear gem	0	Items/Money.png	0	5
dull flint stone	0	Items/Money.png	5	7
dull gray gem	0	Items/Money.png	1	6
dull green gem	0	Items/Money.png	7	5
dull loadstone	0	Items/Money.png	4	6
dull luckstone	0	Items/Money.png	5	6
dull obsidian point	0	Items/Money.png	3	7
dull orange gem	0	Items/Money.png	3	5
dull prism	0	Items/Money.png	3	6
dull red gem	0	Items/Money.png	2	5
dull touchstone	0	Items/Money.png	4	7
dull violet gem	0	Items/Money.png	6	5
dull wand	0	Items/Wand.png	0	5
dull white gem	0	Items/Money.png	1	5
dull yellow gem	0	Items/Money.png	2	6
dunce cap	0	Items/Hat.png	2	2
dung worm	0	Characters/Pest0.png	6	0
dung worm	1	Characters/Pest1.png	6	0
dungeon fern spore	0	Characters/Plant0.png	2	2
dungeon fern spore	1	Characters/Plant1.png	2	2
dungeon fern sprout	0	Characters/Plant0.png	1	2
dungeon fern sprout	1	Characters/Plant1.png	1	2
dungeon fern	0	Characters/Plant0.png	0	2
dungeon fern	1	Characters/Plant1.png	0	2
dusk boulder c	0	Objects/Floor.png	15	1
dusk boulder e	0	Objects/Floor.png	16	22
dusk boulder n	0	Objects/Floor.png	15	21
dusk boulder ne	0	Objects/Floor.png	16	21
dusk boulder ns	0	Objects/Floor.png	19	22
dusk boulder nse	0	Objects/Floor.png	20	22
dusk boulder nsw	0	Objects/Floor.png	18	22
dusk boulder nswe	0	Objects/Floor.png	19	21
dusk boulder nw	0	Objects/Floor.png	14	21
dusk boulder nwe	0	Objects/Floor.png	17	21
dusk boulder s	0	Objects/Floor.png	15	23
dusk boulder se	0	Objects/Floor.png	16	23
dusk boulder sw	0	Objects/Floor.png	14	23
dusk boulder swe	0	Objects/Floor.png	17	23
dusk boulder w	0	Objects/Floor.png	14	22
dusk boulder we	0	Objects/Floor.png	17	22
dusk brick floor c	0	Objects/Floor.png	8	22
dusk brick floor e	0	Objects/Floor.png	9	22
dusk brick floor n	0	Objects/Floor.png	8	21
dusk brick floor ne	0	Objects/Floor.png	9	21
dusk brick floor ns	0	Objects/Floor.png	12	22
dusk brick floor nse	0	Objects/Floor.png	13	22
dusk brick floor nsw	0	Objects/Floor.png	11	22
dusk brick floor nswe	0	Objects/Floor.png	12	21
dusk brick floor nw	0	Objects/Floor.png	7	21
dusk brick floor nwe	0	Objects/Floor.png	10	21
dusk brick floor s	0	Objects/Floor.png	8	23
dusk brick floor se	0	Objects/Floor.png	9	23
dusk brick floor sw	0	Objects/Floor.png	7	23
dusk brick floor swe	0	Objects/Floor.png	10	23
dusk brick floor w	0	Objects/Floor.png	7	22
dusk brick floor we	0	Objects/Floor.png	10	22
dusk dirt floor c	0	Objects/Floor.png	1	22
dusk dirt floor e	0	Objects/Floor.png	2	22
dusk dirt floor n	0	Objects/Floor.png	1	21
dusk dirt floor ne	0	Objects/Floor.png	2	21
dusk dirt floor ns	0	Objects/Floor.png	5	22
dusk dirt floor nse	0	Objects/Floor.png	6	22
dusk dirt floor nsw	0	Objects/Floor.png	4	22
dusk dirt floor nswe	0	Objects/Floor.png	5	21
dusk dirt floor nw	0	Objects/Floor.png	0	21
dusk dirt floor nwe	0	Objects/Floor.png	3	21
dusk dirt floor s	0	Objects/Floor.png	1	23
dusk dirt floor se	0	Objects/Floor.png	2	23
dusk dirt floor sw	0	Objects/Floor.png	0	23
dusk dirt floor swe	0	Objects/Floor.png	3	23
dusk dirt floor w	0	Objects/Floor.png	0	22
dusk dirt floor we	0	Objects/Floor.png	3	22
dusk grass floor c	0	Objects/Floor.png	8	10
dusk grass floor e	0	Objects/Floor.png	9	10
dusk grass floor n	0	Objects/Floor.png	8	9
dusk grass floor ne	0	Objects/Floor.png	9	9
dusk grass floor ns	0	Objects/Floor.png	12	10
dusk grass floor nse	0	Objects/Floor.png	13	10
dusk grass floor nsw	0	Objects/Floor.png	11	10
dusk grass floor nswe	0	Objects/Floor.png	12	9
dusk grass floor nw	0	Objects/Floor.png	7	9
dusk grass floor nwe	0	Objects/Floor.png	10	9
dusk grass floor s	0	Objects/Floor.png	8	11
dusk grass floor se	0	Objects/Floor.png	9	11
dusk grass floor sw	0	Objects/Floor.png	7	11
dusk grass floor swe	0	Objects/Floor.png	10	11
dusk grass floor w	0	Objects/Floor.png	7	10
dusk grass floor we	0	Objects/Floor.png	10	10
dusk plowed field c	0	Objects/Floor.png	1	34
dusk plowed field e	0	Objects/Floor.png	2	34
dusk plowed field n	0	Objects/Floor.png	1	33
dusk plowed field ne	0	Objects/Floor.png	2	33
dusk plowed field ns	0	Objects/Floor.png	5	34
dusk plowed field nse	0	Objects/Floor.png	6	34
dusk plowed field nsw	0	Objects/Floor.png	4	34
dusk plowed field nswe	0	Objects/Floor.png	5	33
dusk plowed field nw	0	Objects/Floor.png	0	33
dusk plowed field nwe	0	Objects/Floor.png	3	33
dusk plowed field s	0	Objects/Floor.png	1	35
dusk plowed field se	0	Objects/Floor.png	2	35
dusk plowed field sw	0	Objects/Floor.png	0	35
dusk plowed field swe	0	Objects/Floor.png	3	35
dusk plowed field w	0	Objects/Floor.png	0	34
dusk plowed field we	0	Objects/Floor.png	3	34
dusk stone floor c	0	Objects/Floor.png	15	10
dusk stone floor e	0	Objects/Floor.png	16	10
dusk stone floor n	0	Objects/Floor.png	15	9
dusk stone floor ne	0	Objects/Floor.png	16	9
dusk stone floor ns	0	Objects/Floor.png	19	10
dusk stone floor nse	0	Objects/Floor.png	20	10
dusk stone floor nsw	0	Objects/Floor.png	18	10
dusk stone floor nswe	0	Objects/Floor.png	19	9
dusk stone floor nw	0	Objects/Floor.png	14	9
dusk stone floor nwe	0	Objects/Floor.png	17	9
dusk stone floor s	0	Objects/Floor.png	15	11
dusk stone floor se	0	Objects/Floor.png	16	11
dusk stone floor sw	0	Objects/Floor.png	14	11
dusk stone floor swe	0	Objects/Floor.png	17	11
dusk stone floor w	0	Objects/Floor.png	14	10
dusk stone floor we	0	Objects/Floor.png	17	10
dusk tile floor c	0	Objects/Floor.png	1	10
dusk tile floor e	0	Objects/Floor.png	2	10
dusk tile floor n	0	Objects/Floor.png	1	9
dusk tile floor ne	0	Objects/Floor.png	2	9
dusk tile floor ns	0	Objects/Floor.png	5	10
dusk tile floor nse	0	Objects/Floor.png	6	10
dusk tile floor nsw	0	Objects/Floor.png	4	10
dusk tile floor nswe	0	Objects/Floor.png	5	9
dusk tile floor nw	0	Objects/Floor.png	0	9
dusk tile floor nwe	0	Objects/Floor.png	3	9
dusk tile floor s	0	Objects/Floor.png	1	11
dusk tile floor se	0	Objects/Floor.png	2	11
dusk tile floor sw	0	Objects/Floor.png	0	11
dusk tile floor swe	0	Objects/Floor.png	3	11
dusk tile floor w	0	Objects/Floor.png	0	10
dusk tile floor we	0	Objects/Floor.png	3	10
dust vortex	0	Characters/Elemental0.png	1	2
dust vortex	1	Characters/Elemental1.png	1	2
dusty bloody scroll	0	Items/Scroll.png	4	2
dusty blue scroll	0	Items/Scroll.png	7	1
dusty cyan scroll	0	Items/Scroll.png	3	0
dusty dark scroll	0	Items/Scroll.png	1	1
dusty gray scroll	0	Items/Scroll.png	7	0
dusty green scroll	0	Items/Scroll.png	5	1
dusty orange scroll	0	Items/Scroll.png	6	0
dusty red scroll	0	Items/Scroll.png	0	1
dusty shelves	0	Objects/Decor0.png	7	4
dusty white scroll	0	Items/Scroll.png	2	0
dusty yellow scroll	0	Items/Scroll.png	4	0
dwarf archaeologist	0	Characters/Player0.png	3	11
dwarf archaeologist	1	Characters/Player1.png	3	11
dwarf barbarian	0	Characters/Player0.png	2	11
dwarf barbarian	1	Characters/Player1.png	2	11
dwarf expert	0	Characters/Player0.png	7	11
dwarf expert	1	Characters/Player1.png	7	11
dwarf healer	0	Characters/Player0.png	6	11
dwarf healer	1	Characters/Player1.png	6	11
dwarf king	0	Characters/Humanoid0.png	3	10
dwarf king	1	Characters/Humanoid1.png	3	10
dwarf knight	0	Characters/Player0.png	1	11
dwarf knight	1	Characters/Player1.png	1	11
dwarf lord	0	Characters/Humanoid0.png	2	10
dwarf lord	1	Characters/Humanoid1.png	2	10
dwarf mummy	0	Characters/Undead0.png	3	1
dwarf mummy	1	Characters/Undead1.png	3	1
dwarf nomad	0	Characters/Player0.png	5	11
dwarf nomad	1	Characters/Player1.png	5	11
dwarf ranger	0	Characters/Player0.png	4	11
dwarf ranger	1	Characters/Player1.png	4	11
dwarf zombie	0	Characters/Undead0.png	3	0
dwarf zombie	1	Characters/Undead1.png	3	0
dwarf	0	Characters/Humanoid0.png	1	10
dwarf	1	Characters/Humanoid1.png	1	10
dwarvish iron helm	0	Items/Hat.png	2	1
dwarvish shield	0	Items/Shield.png	5	0
dwarvish short sword	0	Items/MedWep.png	3	0
dwarvish spear	0	Items/LongWep.png	3	0
ear	0	Items/Flesh.png	1	2
earendil	0	Characters/Player0.png	0	7
earendil	1	Characters/Player1.png	0	7
earth elemental	0	Characters/Elemental0.png	3	3
earth elemental	1	Characters/Elemental1.png	3	3
earth tome	0	Items/Book.png	3	1
earthquake drum	0	Items/Music.png	1	2
ebony wand	0	Items/Wand.png	6	0
eel	0	Characters/Aquatic0.png	2	2
eel	1	Characters/Aquatic1.png	2	2
effervescent potion	0	Items/Potion.png	1	2
election ballot	0	Items/Book.png	1	3
electric eel	0	Characters/Aquatic0.png	3	2
electric eel	1	Characters/Aquatic1.png	3	2
elemental tome	0	Items/Book.png	0	5
elf king	0	Characters/Humanoid0.png	5	6
elf king	1	Characters/Humanoid1.png	5	6
elf lord	0	Characters/Humanoid0.png	4	6
elf lord	1	Characters/Humanoid1.png	4	6
elf mummy	0	Characters/Undead0.png	4	1
elf mummy	1	Characters/Undead1.png	4	1
elf zombie	0	Characters/Undead0.png	4	0
elf zombie	1	Characters/Undead1.png	4	0
elf	0	Characters/Humanoid0.png	0	6
elf	1	Characters/Humanoid1.png	0	6
elven boots	0	Items/Boot.png	3	0
elven broadsword	0	Items/LongWep.png	1	1
elven dagger	0	Items/ShortWep.png	1	0
elven leather helm	0	Items/Hat.png	0	1
elven shield	0	Items/Shield.png	1	0
elven short sword	0	Items/MedWep.png	1	0
elven spear	0	Items/LongWep.png	2	0
emerald potion	0	Items/Potion.png	4	0
emerald ring	0	Items/Ring.png	3	3
empty shelves	0	Objects/Decor0.png	0	4
empty shop sign	0	Objects/Decor0.png	0	6
emu	0	Characters/Avian0.png	3	7
emu	1	Characters/Avian1.png	3	7
encyclopedia	0	Items/Book.png	7	4
energy vortex	0	Characters/Elemental0.png	3	2
energy vortex	1	Characters/Elemental1.png	3	2
engagement ring	0	Items/Ring.png	2	0
engulf e	0	Objects/Effect0.png	2	13
engulf e	1	Objects/Effect1.png	2	13
engulf n	0	Objects/Effect0.png	1	12
engulf n	1	Objects/Effect1.png	1	12
engulf ne	0	Objects/Effect0.png	2	12
engulf ne	1	Objects/Effect1.png	2	12
engulf nw	0	Objects/Effect0.png	0	12
engulf nw	1	Objects/Effect1.png	0	12
engulf s	0	Objects/Effect0.png	1	14
engulf s	1	Objects/Effect1.png	1	14
engulf se	0	Objects/Effect0.png	2	14
engulf se	1	Objects/Effect1.png	2	14
engulf sw	0	Objects/Effect0.png	0	14
engulf sw	1	Objects/Effect1.png	0	14
engulf w	0	Objects/Effect0.png	0	13
engulf w	1	Objects/Effect1.png	0	13
enormous rat	0	Characters/Rodent0.png	3	1
enormous rat	1	Characters/Rodent1.png	3	1
erinys	0	Characters/Demon0.png	3	2
erinys	1	Characters/Demon1.png	3	2
eruption effect	0	Objects/Hill0.png	3	13
eruption effect	1	Objects/Hill1.png	3	13
etched helm	0	Items/Hat.png	3	0
ettin mummy	0	Characters/Undead0.png	6	1
ettin mummy	1	Characters/Undead1.png	6	1
ettin zombie	0	Characters/Undead0.png	6	0
ettin zombie	1	Characters/Undead1.png	6	0
ettin	0	Characters/Humanoid0.png	6	0
ettin	1	Characters/Humanoid1.png	6	0
eucalyptus leaf	0	Items/Food.png	4	3
evil eye	0	Characters/Elemental0.png	1	5
evil eye	1	Characters/Elemental1.png	1	5
evil shrub	0	Characters/Plant0.png	0	0
evil shrub	1	Characters/Plant1.png	0	0
evil tree	0	Characters/Plant0.png	0	1
evil tree	1	Characters/Plant1.png	0	1
executioner	0	Characters/Humanoid0.png	5	2
executioner	1	Characters/Humanoid1.png	5	2
exquisite boots	0	Items/Boot.png	0	1
exterminator	0	Characters/Player0.png	5	3
exterminator	1	Characters/Player1.png	5	3
eye tyrant	0	Characters/Elemental0.png	2	5
eye tyrant	1	Characters/Elemental1.png	2	5
eyeball	0	Items/Flesh.png	3	1
fairy step mushrooms	0	Items/Food.png	4	1
fake amulet of yendor	0	Items/Amulet.png	0	2
falling rock trap tile	0	Objects/Trap0.png	2	0
famine	0	Characters/Undead0.png	2	5
famine	1	Characters/Undead1.png	2	5
farmer man	0	Characters/Humanoid0.png	2	9
farmer man	1	Characters/Humanoid1.png	2	9
farmer woman	0	Characters/Humanoid0.png	3	9
farmer woman	1	Characters/Humanoid1.png	3	9
fedora	0	Items/Hat.png	0	2
fen chickabay	0	Characters/Avian0.png	3	0
fen chickabay	1	Characters/Avian1.png	3	0
feral hog	0	Characters/Quadraped0.png	4	0
feral hog	1	Characters/Quadraped1.png	4	0
field guide	0	Items/Book.png	0	2
fierce barn cat	0	Characters/Cat0.png	2	3
fierce barn cat	1	Characters/Cat1.png	2	3
fierce lynx	0	Characters/Cat0.png	2	2
fierce lynx	1	Characters/Cat1.png	2	2
fierce puma	0	Characters/Cat0.png	2	1
fierce puma	1	Characters/Cat1.png	2	1
fighter	0	Characters/Player0.png	1	0
fighter	1	Characters/Player1.png	1	0
fighting fish	0	Characters/Aquatic0.png	0	0
fighting fish	1	Characters/Aquatic1.png	0	0
fingers	0	Items/Flesh.png	1	1
fire ant	0	Characters/Pest0.png	2	4
fire ant	1	Characters/Pest1.png	2	4
fire beam h	0	Objects/Effect0.png	1	15
fire beam h	1	Objects/Effect1.png	1	15
fire beam l	0	Objects/Effect0.png	2	15
fire beam l	1	Objects/Effect1.png	2	15
fire beam r	0	Objects/Effect0.png	3	15
fire beam r	1	Objects/Effect1.png	3	15
fire beam v	0	Objects/Effect0.png	0	15
fire beam v	1	Objects/Effect1.png	0	15
fire bomb	0	Items/Ammo.png	0	5
fire burst c	0	Objects/Effect0.png	1	1
fire burst c	1	Objects/Effect1.png	1	1
fire burst e	0	Objects/Effect0.png	2	1
fire burst e	1	Objects/Effect1.png	2	1
fire burst n	0	Objects/Effect0.png	1	0
fire burst n	1	Objects/Effect1.png	1	0
fire burst ne	0	Objects/Effect0.png	2	0
fire burst ne	1	Objects/Effect1.png	2	0
fire burst nw	0	Objects/Effect0.png	0	0
fire burst nw	1	Objects/Effect1.png	0	0
fire burst s	0	Objects/Effect0.png	1	2
fire burst s	1	Objects/Effect1.png	1	2
fire burst se	0	Objects/Effect0.png	2	2
fire burst se	1	Objects/Effect1.png	2	2
fire burst sw	0	Objects/Effect0.png	0	2
fire burst sw	1	Objects/Effect1.png	0	2
fire burst w	0	Objects/Effect0.png	0	1
fire burst w	1	Objects/Effect1.png	0	1
fire elemental	0	Characters/Elemental0.png	2	3
fire elemental	1	Characters/Elemental1.png	2	3
fire giant	0	Characters/Humanoid0.png	3	0
fire giant	1	Characters/Humanoid1.png	3	0
fire horn	0	Items/Music.png	2	1
fire nymph	0	Characters/Humanoid0.png	3	11
fire nymph	1	Characters/Humanoid1.png	3	11
fire skeleton	0	Characters/Undead0.png	1	2
fire skeleton	1	Characters/Undead1.png	1	2
fire tome	0	Items/Book.png	2	3
fire trap tile	0	Objects/Trap0.png	1	1
fire vortex	0	Characters/Elemental0.png	5	2
fire vortex	1	Characters/Elemental1.png	5	2
firedrake armor	0	Items/Armor.png	4	0
firedrake scales	0	Items/Armor.png	4	2
firedrake	0	Characters/Reptile0.png	1	1
firedrake	1	Characters/Reptile1.png	1	1
firefly	0	Characters/Pest0.png	0	5
firefly	1	Characters/Pest1.png	0	5
fizzy potion	0	Items/Potion.png	5	2
flail	0	Items/ShortWep.png	1	4
flame garb	0	Items/Armor.png	4	4
flaming sphere	0	Characters/Elemental0.png	2	4
flaming sphere	1	Characters/Elemental1.png	2	4
flash beam h	0	Objects/Effect0.png	5	15
flash beam h	1	Objects/Effect1.png	5	15
flash beam l	0	Objects/Effect0.png	6	15
flash beam l	1	Objects/Effect1.png	6	15
flash beam r	0	Objects/Effect0.png	7	15
flash beam r	1	Objects/Effect1.png	7	15
flash beam v	0	Objects/Effect0.png	4	15
flash beam v	1	Objects/Effect1.png	4	15
flash bomb	0	Items/Ammo.png	2	5
flesh golem	0	Characters/Elemental0.png	7	0
flesh golem	1	Characters/Elemental1.png	7	0
fleshy book	0	Items/Book.png	1	1
flimsy book	0	Items/Book.png	7	0
flint stone	0	Items/Money.png	5	4
floating eye	0	Characters/Elemental0.png	0	5
floating eye	1	Characters/Elemental1.png	0	5
fog cloud	0	Characters/Elemental0.png	0	2
fog cloud	1	Characters/Elemental1.png	0	2
food ration	0	Items/Food.png	2	4
food shelves	0	Objects/Decor0.png	3	4
force beam h	0	Objects/Effect0.png	1	18
force beam h	1	Objects/Effect1.png	1	18
force beam l	0	Objects/Effect0.png	2	18
force beam l	1	Objects/Effect1.png	2	18
force beam r	0	Objects/Effect0.png	3	18
force beam r	1	Objects/Effect1.png	3	18
force beam v	0	Objects/Effect0.png	0	18
force beam v	1	Objects/Effect1.png	0	18
forest centaur	0	Characters/Humanoid0.png	2	13
forest centaur	1	Characters/Humanoid1.png	2	13
forest cloak	0	Items/Armor.png	0	4
forest fairy	0	Characters/Humanoid0.png	1	3
forest fairy	1	Characters/Humanoid1.png	1	3
forest spirit	0	Characters/Humanoid0.png	2	3
forest spirit	1	Characters/Humanoid1.png	2	3
forest sprite	0	Characters/Humanoid0.png	0	3
forest sprite	1	Characters/Humanoid1.png	0	3
forked polearm	0	Items/LongWep.png	2	2
forked wand	0	Items/Wand.png	0	3
fort	0	Objects/Map0.png	7	13
fortifications front	0	Objects/Door0.png	4	4
fortifications side	0	Objects/Door0.png	5	4
fortified gold portcullis front	0	Objects/Door0.png	4	3
fortified gold portcullis side	0	Objects/Door0.png	5	3
fortified iron portcullis front	0	Objects/Door0.png	4	2
fortified iron portcullis side	0	Objects/Door0.png	5	2
fortified stone door front	0	Objects/Door0.png	4	1
fortified stone door side	0	Objects/Door0.png	5	1
fortified wand	0	Items/Wand.png	6	4
fortified wooden door front	0	Objects/Door0.png	4	0
fortified wooden door side	0	Objects/Door0.png	5	0
fortune cookie	0	Items/Food.png	3	5
fountain	0	Objects/Decor0.png	1	21
fountain	1	Objects/Decor1.png	1	21
fox	0	Characters/Dog0.png	1	0
fox	1	Characters/Dog1.png	1	0
frag grenade	0	Items/Potion.png	6	3
freezing sphere	0	Characters/Elemental0.png	1	4
freezing sphere	1	Characters/Elemental1.png	1	4
frog	0	Characters/Aquatic0.png	1	5
frog	1	Characters/Aquatic1.png	1	5
frost garb	0	Items/Armor.png	2	4
frost giant	0	Characters/Humanoid0.png	4	0
frost giant	1	Characters/Humanoid1.png	4	0
frost horn	0	Items/Music.png	1	1
full bookshelves	0	Objects/Decor0.png	5	4
full plate	0	Items/Armor.png	6	6
funny story	0	Items/Book.png	1	6
fuzzy amulet	0	Items/Amulet.png	4	1
gall bladder	0	Items/Flesh.png	2	2
gargoyle	0	Characters/Misc0.png	1	1
gargoyle	1	Characters/Misc1.png	1	1
garnet pendant	0	Items/Amulet.png	2	0
garter snake	0	Characters/Reptile0.png	0	4
garter snake	1	Characters/Reptile1.png	0	4
gas grenade	0	Items/Potion.png	7	3
gas spore	0	Characters/Elemental0.png	0	4
gas spore	1	Characters/Elemental1.png	0	4
gauge blue full	0	GUI/GUI0.png	6	2
gauge blue full	1	GUI/GUI1.png	6	2
gauge blue half	0	GUI/GUI0.png	8	2
gauge blue half	1	GUI/GUI1.png	8	2
gauge blue low	0	GUI/GUI0.png	9	2
gauge blue low	1	GUI/GUI1.png	9	2
gauge blue most	0	GUI/GUI0.png	7	2
gauge blue most	1	GUI/GUI1.png	7	2
gauge chrome center	0	GUI/GUI0.png	7	0
gauge chrome center	1	GUI/GUI1.png	7	0
gauge chrome left	0	GUI/GUI0.png	6	0
gauge chrome left	1	GUI/GUI1.png	6	0
gauge chrome right	0	GUI/GUI0.png	8	0
gauge chrome right	1	GUI/GUI1.png	8	0
gauge chrome single	0	GUI/GUI0.png	9	0
gauge chrome single	1	GUI/GUI1.png	9	0
gauge gray full	0	GUI/GUI0.png	6	5
gauge gray full	1	GUI/GUI1.png	6	3
gauge gray half	0	GUI/GUI0.png	8	5
gauge gray half	1	GUI/GUI1.png	8	3
gauge gray low	0	GUI/GUI0.png	9	5
gauge gray low	1	GUI/GUI1.png	9	3
gauge gray most	0	GUI/GUI0.png	7	5
gauge gray most	1	GUI/GUI1.png	7	3
gauge green full	0	GUI/GUI0.png	6	3
gauge green full	1	GUI/GUI1.png	6	3
gauge green half	0	GUI/GUI0.png	8	3
gauge green half	1	GUI/GUI1.png	8	3
gauge green low	0	GUI/GUI0.png	9	3
gauge green low	1	GUI/GUI1.png	9	3
gauge green most	0	GUI/GUI0.png	7	3
gauge green most	1	GUI/GUI1.png	7	3
gauge red full	0	GUI/GUI0.png	6	1
gauge red full	1	GUI/GUI1.png	6	1
gauge red half	0	GUI/GUI0.png	8	1
gauge red half	1	GUI/GUI1.png	8	1
gauge red low	0	GUI/GUI0.png	9	1
gauge red low	1	GUI/GUI1.png	9	1
gauge red most	0	GUI/GUI0.png	7	1
gauge red most	1	GUI/GUI1.png	7	1
gauge yellow full	0	GUI/GUI0.png	6	4
gauge yellow full	1	GUI/GUI1.png	6	4
gauge yellow half	0	GUI/GUI0.png	8	4
gauge yellow half	1	GUI/GUI1.png	8	4
gauge yellow low	0	GUI/GUI0.png	9	4
gauge yellow low	1	GUI/GUI1.png	9	4
gauge yellow most	0	GUI/GUI0.png	7	4
gauge yellow most	1	GUI/GUI1.png	7	4
gecko	0	Characters/Reptile0.png	0	10
gecko	1	Characters/Reptile1.png	0	10
gelatinous cube	0	Characters/Slime0.png	2	2
gelatinous cube	1	Characters/Slime1.png	2	2
geryon	0	Characters/Demon0.png	7	0
geryon	1	Characters/Demon1.png	7	0
ghost	0	Characters/Undead0.png	2	4
ghost	1	Characters/Undead1.png	2	4
ghoul	0	Characters/Undead0.png	0	8
ghoul	1	Characters/Undead1.png	0	8
giant ant	0	Characters/Pest0.png	0	4
giant ant	1	Characters/Pest1.png	0	4
giant bat	0	Characters/Avian0.png	1	11
giant bat	1	Characters/Avian1.png	1	11
giant beetle	0	Characters/Pest0.png	3	0
giant beetle	1	Characters/Pest1.png	3	0
giant flea	0	Characters/Pest0.png	1	0
giant flea	1	Characters/Pest1.png	1	0
giant louse	0	Characters/Pest0.png	2	0
giant louse	1	Characters/Pest1.png	2	0
giant mimic	0	Characters/Elemental0.png	2	7
giant mimic	1	Characters/Elemental1.png	2	7
giant mummy	0	Characters/Undead0.png	7	1
giant mummy	1	Characters/Undead1.png	7	1
giant rat	0	Characters/Rodent0.png	1	1
giant rat	1	Characters/Rodent1.png	1	1
giant scorpion	0	Characters/Pest0.png	4	2
giant scorpion	1	Characters/Pest1.png	4	2
giant slug	0	Characters/Pest0.png	1	7
giant slug	1	Characters/Pest1.png	1	7
giant snail	0	Characters/Pest0.png	3	7
giant snail	1	Characters/Pest1.png	3	7
giant spider	0	Characters/Pest0.png	1	2
giant spider	1	Characters/Pest1.png	1	2
giant tick	0	Characters/Pest0.png	0	0
giant tick	1	Characters/Pest1.png	0	0
giant tortoise	0	Characters/Reptile0.png	1	11
giant tortoise	1	Characters/Reptile1.png	1	11
giant turtle	0	Characters/Reptile0.png	0	11
giant turtle	1	Characters/Reptile1.png	0	11
giant zombie	0	Characters/Undead0.png	7	0
giant zombie	1	Characters/Undead1.png	7	0
giant	0	Characters/Humanoid0.png	0	0
giant	1	Characters/Humanoid1.png	0	0
gila monster	0	Characters/Reptile0.png	2	10
gila monster	1	Characters/Reptile1.png	2	10
glass golem	0	Characters/Elemental0.png	2	1
glass golem	1	Characters/Elemental1.png	2	1
glass piercer	0	Characters/Elemental0.png	2	6
glass piercer	1	Characters/Elemental1.png	2	6
glass ring	0	Items/Ring.png	4	0
glass wand	0	Items/Wand.png	0	0
gleaming black gem	0	Items/Money.png	5	2
gleaming blue gem	0	Items/Money.png	4	2
gleaming brown gem	0	Items/Money.png	0	3
gleaming clear gem	0	Items/Money.png	0	2
gleaming gray gem	0	Items/Money.png	1	3
gleaming green gem	0	Items/Money.png	7	2
gleaming orange gem	0	Items/Money.png	3	2
gleaming red gem	0	Items/Money.png	2	2
gleaming violet gem	0	Items/Money.png	6	2
gleaming white gem	0	Items/Money.png	1	2
gleaming yellow gem	0	Items/Money.png	2	3
glendrake armor	0	Items/Armor.png	3	0
glendrake scales	0	Items/Armor.png	3	2
glendrake	0	Characters/Reptile0.png	7	0
glendrake	1	Characters/Reptile1.png	7	0
glimmering wand	0	Items/Wand.png	7	4
globe fungus	0	Items/Food.png	6	0
glowing book	0	Items/Book.png	7	1
glowing ore left right	0	Objects/Ore0.png	3	6
glowing ore left right	1	Objects/Ore1.png	3	6
glowing ore left	0	Objects/Ore0.png	1	6
glowing ore left	1	Objects/Ore1.png	1	6
glowing ore right	0	Objects/Ore0.png	2	6
glowing ore right	1	Objects/Ore1.png	2	6
glowing ore up	0	Objects/Ore0.png	0	6
glowing ore up	1	Objects/Ore1.png	0	6
glowing wand	0	Items/Wand.png	0	6
gnome king	0	Characters/Humanoid0.png	3	8
gnome king	1	Characters/Humanoid1.png	3	8
gnome lord	0	Characters/Humanoid0.png	1	8
gnome lord	1	Characters/Humanoid1.png	1	8
gnome mummy	0	Characters/Undead0.png	1	1
gnome mummy	1	Characters/Undead1.png	1	1
gnome wizard	0	Characters/Humanoid0.png	2	8
gnome wizard	1	Characters/Humanoid1.png	2	8
gnome zombie	0	Characters/Undead0.png	1	0
gnome zombie	1	Characters/Undead1.png	1	0
gnome	0	Characters/Humanoid0.png	0	8
gnome	1	Characters/Humanoid1.png	0	8
goblin king	0	Characters/Humanoid0.png	2	19
goblin king	1	Characters/Humanoid1.png	2	19
goblin prince	0	Characters/Player0.png	1	13
goblin prince	1	Characters/Player1.png	1	13
goblin	0	Characters/Humanoid0.png	0	19
goblin	1	Characters/Humanoid1.png	0	19
gold archway	0	Objects/Door0.png	2	5
gold book	0	Items/Book.png	7	3
gold coin	0	Items/Money.png	2	1
gold flowers	0	Objects/Ground0.png	4	2
gold foil	0	Items/Money.png	6	3
gold golem	0	Characters/Elemental0.png	4	0
gold golem	1	Characters/Elemental1.png	4	0
gold portal	0	Objects/Door0.png	3	5
gold portal	1	Objects/Door1.png	3	5
gold portcullis frame	0	Objects/Door0.png	6	2
gold ring	0	Items/Ring.png	1	3
gold wings	0	Characters/Humanoid0.png	7	3
gold wings	1	Characters/Humanoid1.png	7	3
golden eagle	0	Characters/Avian0.png	6	6
golden eagle	1	Characters/Avian1.png	6	6
golden naga	0	Characters/Reptile0.png	5	5
golden naga	1	Characters/Reptile1.png	5	5
golden potion	0	Items/Potion.png	3	2
golden ticket	0	Items/Book.png	2	4
grand master	0	Characters/Player0.png	7	7
grand master	1	Characters/Player1.png	7	7
grandmaster mail	0	Items/Armor.png	2	8
granite ring	0	Items/Ring.png	1	0
grappling hook h	0	Objects/Effect0.png	5	20
grappling hook h	1	Objects/Effect1.png	5	20
grappling hook l	0	Objects/Effect0.png	6	20
grappling hook l	1	Objects/Effect1.png	6	20
grappling hook r	0	Objects/Effect0.png	7	20
grappling hook r	1	Objects/Effect1.png	7	20
grappling hook v	0	Objects/Effect0.png	4	20
grappling hook v	1	Objects/Effect1.png	4	20
grappling hook	0	Items/LongWep.png	2	5
gravestone a	0	Objects/Decor0.png	0	17
gravestone b	0	Objects/Decor0.png	1	17
gravestone c	0	Objects/Decor0.png	2	17
gravestone d	0	Objects/Decor0.png	3	17
gravestone e	0	Objects/Decor0.png	0	18
gravestone f	0	Objects/Decor0.png	1	18
gravestone g	0	Objects/Decor0.png	2	18
gravestone h	0	Objects/Decor0.png	3	18
gray black c	0	GUI/GUI0.png	2	8
gray black e	0	GUI/GUI0.png	11	11
gray black n	0	GUI/GUI0.png	10	10
gray black ne	0	GUI/GUI0.png	11	10
gray black nw	0	GUI/GUI0.png	9	10
gray black s	0	GUI/GUI0.png	10	12
gray black se	0	GUI/GUI0.png	11	12
gray black square	0	GUI/GUI0.png	8	10
gray black sw	0	GUI/GUI0.png	9	12
gray black w	0	GUI/GUI0.png	9	11
gray carpet c	0	Objects/Decor0.png	4	15
gray carpet e	0	Objects/Decor0.png	5	15
gray carpet n	0	Objects/Decor0.png	4	14
gray carpet ne	0	Objects/Decor0.png	5	14
gray carpet nw	0	Objects/Decor0.png	3	14
gray carpet s	0	Objects/Decor0.png	4	16
gray carpet se	0	Objects/Decor0.png	5	16
gray carpet sw	0	Objects/Decor0.png	3	16
gray carpet w	0	Objects/Decor0.png	3	15
gray elf	0	Characters/Humanoid0.png	3	6
gray elf	1	Characters/Humanoid1.png	3	6
gray goat	0	Characters/Quadraped0.png	3	2
gray goat	1	Characters/Quadraped1.png	3	2
gray horse	0	Characters/Quadraped0.png	1	6
gray horse	1	Characters/Quadraped1.png	1	6
gray ooze	0	Characters/Slime0.png	0	1
gray ooze	1	Characters/Slime1.png	0	1
gray parrot	0	Characters/Avian0.png	1	12
gray parrot	1	Characters/Avian1.png	1	12
gray pebbles	0	Objects/Ground0.png	4	0
gray rocks	0	Objects/Ground0.png	4	1
gray scroll	0	Items/Scroll.png	5	0
gray sheep	0	Characters/Quadraped0.png	3	3
gray sheep	1	Characters/Quadraped1.png	3	3
gray squirrel	0	Characters/Rodent0.png	1	0
gray squirrel	1	Characters/Rodent1.png	1	0
gray unicorn	0	Characters/Quadraped0.png	2	4
gray unicorn	1	Characters/Quadraped1.png	2	4
gray white c	0	GUI/GUI0.png	14	8
gray white e	0	GUI/GUI0.png	15	8
gray white n	0	GUI/GUI0.png	14	7
gray white ne	0	GUI/GUI0.png	15	7
gray white nw	0	GUI/GUI0.png	13	7
gray white s	0	GUI/GUI0.png	14	9
gray white se	0	GUI/GUI0.png	15	9
gray white square	0	GUI/GUI0.png	12	7
gray white sw	0	GUI/GUI0.png	13	9
gray white w	0	GUI/GUI0.png	13	8
great white shark	0	Characters/Aquatic0.png	1	1
great white shark	1	Characters/Aquatic1.png	1	1
green bill	0	Items/Money.png	7	0
green black c	0	GUI/GUI0.png	2	8
green black e	0	GUI/GUI0.png	3	14
green black n	0	GUI/GUI0.png	2	13
green black ne	0	GUI/GUI0.png	3	13
green black nw	0	GUI/GUI0.png	1	13
green black s	0	GUI/GUI0.png	2	15
green black se	0	GUI/GUI0.png	3	15
green black square	0	GUI/GUI0.png	0	13
green black sw	0	GUI/GUI0.png	1	15
green black w	0	GUI/GUI0.png	1	14
green blue c	0	GUI/GUI0.png	6	11
green blue e	0	GUI/GUI0.png	7	11
green blue n	0	GUI/GUI0.png	6	10
green blue ne	0	GUI/GUI0.png	7	10
green blue nw	0	GUI/GUI0.png	5	10
green blue s	0	GUI/GUI0.png	6	12
green blue se	0	GUI/GUI0.png	7	12
green blue square	0	GUI/GUI0.png	4	10
green blue sw	0	GUI/GUI0.png	5	12
green blue w	0	GUI/GUI0.png	5	11
green elf	0	Characters/Humanoid0.png	2	6
green elf	1	Characters/Humanoid1.png	2	6
green grass	0	Objects/Ground0.png	0	0
green heart full	0	GUI/GUI0.png	0	2
green heart full	1	GUI/GUI1.png	0	2
green heart half	0	GUI/GUI0.png	1	2
green heart half	1	GUI/GUI1.png	1	2
green heart low	0	GUI/GUI0.png	2	2
green heart low	1	GUI/GUI1.png	2	2
green heart sliver	0	GUI/GUI0.png	3	2
green heart sliver	1	GUI/GUI1.png	3	2
green liquid drizzle	0	Objects/Ground0.png	3	5
green liquid spatter	0	Objects/Ground0.png	2	5
green mold	0	Characters/Slime0.png	3	0
green mold	1	Characters/Slime1.png	3	0
green mound alone	0	Objects/Hill0.png	15	0
green mound c	0	Objects/Hill0.png	13	1
green mound e	0	Objects/Hill0.png	14	1
green mound n	0	Objects/Hill0.png	13	0
green mound ne	0	Objects/Hill0.png	14	0
green mound nw	0	Objects/Hill0.png	12	0
green mound s	0	Objects/Hill0.png	13	2
green mound se	0	Objects/Hill0.png	14	2
green mound sw	0	Objects/Hill0.png	12	2
green mound w	0	Objects/Hill0.png	12	1
green ore left right	0	Objects/Ore0.png	3	5
green ore left right	1	Objects/Ore0.png	3	6
green ore left	0	Objects/Ore0.png	1	5
green ore left	1	Objects/Ore0.png	1	6
green ore right	0	Objects/Ore0.png	2	5
green ore right	1	Objects/Ore0.png	2	6
green ore up	0	Objects/Ore0.png	0	5
green ore up	1	Objects/Ore0.png	0	6
green parrot	0	Characters/Avian0.png	1	5
green parrot	1	Characters/Avian1.png	1	5
green peak alone	0	Objects/Hill0.png	7	3
green peak c	0	Objects/Hill0.png	5	4
green peak e	0	Objects/Hill0.png	6	4
green peak n	0	Objects/Hill0.png	5	3
green peak ne	0	Objects/Hill0.png	6	3
green peak nw	0	Objects/Hill0.png	4	3
green peak s	0	Objects/Hill0.png	5	5
green peak se	0	Objects/Hill0.png	6	5
green peak sw	0	Objects/Hill0.png	4	5
green peak w	0	Objects/Hill0.png	4	4
green pool	0	Objects/Ground0.png	2	6
green puddle	0	Objects/Ground0.png	3	6
green red c	0	GUI/GUI0.png	6	8
green red e	0	GUI/GUI0.png	7	8
green red n	0	GUI/GUI0.png	6	7
green red ne	0	GUI/GUI0.png	7	7
green red nw	0	GUI/GUI0.png	5	7
green red s	0	GUI/GUI0.png	6	9
green red se	0	GUI/GUI0.png	7	9
green red square	0	GUI/GUI0.png	4	7
green red sw	0	GUI/GUI0.png	5	9
green red w	0	GUI/GUI0.png	5	8
green scroll	0	Items/Scroll.png	6	1
green scrub	0	Objects/Ground0.png	0	1
green slime	0	Characters/Slime0.png	0	4
green slime	1	Characters/Slime1.png	0	4
green snowcap alone	0	Objects/Hill0.png	7	9
green snowcap c	0	Objects/Hill0.png	5	10
green snowcap e	0	Objects/Hill0.png	6	10
green snowcap n	0	Objects/Hill0.png	5	9
green snowcap ne	0	Objects/Hill0.png	6	9
green snowcap nw	0	Objects/Hill0.png	4	9
green snowcap s	0	Objects/Hill0.png	5	11
green snowcap se	0	Objects/Hill0.png	6	11
green snowcap sw	0	Objects/Hill0.png	4	11
green snowcap w	0	Objects/Hill0.png	4	10
green volcano alone	0	Objects/Hill0.png	7	15
green volcano alone	1	Objects/Hill1.png	7	15
green volcano c	0	Objects/Hill0.png	5	16
green volcano c	1	Objects/Hill1.png	5	16
green volcano e	0	Objects/Hill0.png	6	16
green volcano e	1	Objects/Hill1.png	6	16
green volcano n	0	Objects/Hill0.png	5	15
green volcano n	1	Objects/Hill1.png	5	15
green volcano ne	0	Objects/Hill0.png	6	15
green volcano ne	1	Objects/Hill1.png	6	15
green volcano nw	0	Objects/Hill0.png	4	15
green volcano nw	1	Objects/Hill1.png	4	15
green volcano s	0	Objects/Hill0.png	5	17
green volcano s	1	Objects/Hill1.png	5	17
green volcano se	0	Objects/Hill0.png	6	17
green volcano se	1	Objects/Hill1.png	6	17
green volcano sw	0	Objects/Hill0.png	4	17
green volcano sw	1	Objects/Hill1.png	4	17
green volcano w	0	Objects/Hill0.png	4	16
green volcano w	1	Objects/Hill1.png	4	16
green wings	0	Characters/Humanoid0.png	6	3
green wings	1	Characters/Humanoid1.png	6	3
gremlin	0	Characters/Misc0.png	0	1
gremlin	1	Characters/Misc1.png	0	1
grid bug	0	Characters/Pest0.png	0	6
grid bug	1	Characters/Pest1.png	0	6
griffon	0	Characters/Avian0.png	1	9
griffon	1	Characters/Avian1.png	1	9
guard	0	Characters/Humanoid0.png	6	5
guard	1	Characters/Humanoid1.png	6	5
guardian naga	0	Characters/Reptile0.png	1	6
guardian naga	1	Characters/Reptile1.png	1	6
hammer	0	Items/ShortWep.png	0	3
handful of copper coins	0	Items/Money.png	1	0
handful of gold coins	0	Items/Money.png	1	1
handful of silver coins	0	Items/Money.png	4	1
handful of stone coins	0	Items/Money.png	4	0
hardball mushroom	0	Items/Food.png	2	0
hardcover book	0	Items/Book.png	0	0
hate box	0	GUI/GUI0.png	11	3
hate box	1	GUI/GUI1.png	11	3
hawaiian shirt	0	Items/Armor.png	2	7
hazard tile	0	Objects/Tile.png	6	0
headband	0	Items/Hat.png	0	3
healer	0	Characters/Player0.png	1	4
healer	1	Characters/Player1.png	1	4
heart marker	0	GUI/GUI0.png	0	5
heart marker	1	GUI/GUI1.png	0	5
heart	0	Items/Flesh.png	6	0
heavenly archway	0	Objects/Door0.png	4	5
heavenly portal	0	Objects/Door0.png	5	5
heavenly portal	1	Objects/Door1.png	5	5
heck puppy	0	Characters/Dog0.png	0	5
heck puppy	1	Characters/Dog1.png	0	5
hell hound	0	Characters/Dog0.png	1	5
hell hound	1	Characters/Dog1.png	1	5
helmet	0	Items/Hat.png	1	1
hen	0	Characters/Avian0.png	1	8
hen	1	Characters/Avian1.png	1	8
heroic story	0	Items/Book.png	6	5
hexagonal wand	0	Items/Wand.png	3	2
hezrou	0	Characters/Demon0.png	1	8
hezrou	1	Characters/Demon1.png	1	8
high priest	0	Characters/Humanoid0.png	1	23
high priest	1	Characters/Humanoid1.png	1	23
hill cloak	0	Items/Armor.png	6	4
hill giant	0	Characters/Humanoid0.png	2	0
hill giant	1	Characters/Humanoid1.png	2	0
hill orc	0	Characters/Humanoid0.png	1	4
hill orc	1	Characters/Humanoid1.png	1	4
hilted polearm	0	Items/LongWep.png	1	2
hippocrates	0	Characters/Player0.png	1	8
hippocrates	1	Characters/Player1.png	1	8
history book	0	Items/Book.png	5	4
hobbit	0	Characters/Humanoid0.png	0	10
hobbit	1	Characters/Humanoid1.png	0	10
hobgoblin	0	Characters/Humanoid0.png	1	19
hobgoblin	1	Characters/Humanoid1.png	1	19
hog ear mushrooms	0	Items/Food.png	5	1
hog	0	Characters/Quadraped0.png	3	0
hog	1	Characters/Quadraped1.png	3	0
hole center	0	Objects/Decor0.png	4	1
hole frame center	0	Objects/Decor0.png	4	0
hole frame inner	0	Objects/Decor0.png	7	0
hole frame left	0	Objects/Decor0.png	5	0
hole frame right	0	Objects/Decor0.png	6	0
hole inner	0	Objects/Decor0.png	7	1
hole left	0	Objects/Decor0.png	5	1
hole right	0	Objects/Decor0.png	6	1
hole tile	0	Objects/Trap0.png	4	2
home sign	0	Objects/Decor0.png	7	6
homestead	0	Objects/Map0.png	7	12
homunculus	0	Characters/Demon0.png	0	4
homunculus	1	Characters/Demon1.png	0	4
hooked polearm	0	Items/LongWep.png	2	3
horn of plenty	0	Items/Music.png	3	1
horned devil	0	Characters/Demon0.png	2	3
horned devil	1	Characters/Demon1.png	2	3
horror story	0	Items/Book.png	6	7
hot wand	0	Items/Wand.png	7	3
hotrock mail	0	Items/Armor.png	1	8
hound	0	Characters/Dog0.png	1	2
hound	1	Characters/Dog1.png	1	2
huge meat blob	0	Items/Flesh.png	3	0
human mummy	0	Characters/Undead0.png	5	1
human mummy	1	Characters/Undead1.png	5	1
human zombie	0	Characters/Undead0.png	5	0
human zombie	1	Characters/Undead1.png	5	0
hungry bag	0	Items/Chest0.png	3	2
hydra	0	Characters/Reptile0.png	4	3
hydra	1	Characters/Reptile1.png	4	3
ice devil	0	Characters/Demon0.png	1	3
ice devil	1	Characters/Demon1.png	1	3
ice fence down left right	0	Objects/Fence.png	4	9
ice fence down left	0	Objects/Fence.png	2	9
ice fence down right	0	Objects/Fence.png	0	9
ice fence left right	0	Objects/Fence.png	1	9
ice fence up down left right	0	Objects/Fence.png	4	10
ice fence up down left	0	Objects/Fence.png	3	10
ice fence up down right	0	Objects/Fence.png	5	10
ice fence up down	0	Objects/Fence.png	0	10
ice fence up left right	0	Objects/Fence.png	4	11
ice fence up left	0	Objects/Fence.png	2	11
ice fence up right	0	Objects/Fence.png	0	11
ice tile	0	Objects/Tile.png	3	0
ice tome	0	Items/Book.png	0	1
ice trap tile	0	Objects/Trap0.png	0	2
ice troll	0	Characters/Humanoid0.png	1	7
ice troll	1	Characters/Humanoid1.png	1	7
ice vortex	0	Characters/Elemental0.png	2	2
ice vortex	1	Characters/Elemental1.png	2	2
icewyrm armor	0	Items/Armor.png	5	0
icewyrm scales	0	Items/Armor.png	5	2
icewyrm	0	Characters/Reptile0.png	3	1
icewyrm	1	Characters/Reptile1.png	3	1
iguana	0	Characters/Reptile0.png	1	8
iguana	1	Characters/Reptile1.png	1	8
illustrated manuscript	0	Items/Book.png	5	5
imp	0	Characters/Demon0.png	0	5
imp	1	Characters/Demon1.png	0	5
incubus	0	Characters/Demon0.png	1	6
incubus	1	Characters/Demon1.png	1	6
infernal archway	0	Objects/Door0.png	6	5
infernal ore	0	Items/Rock.png	1	0
infernal portal	0	Objects/Door0.png	7	5
infernal portal	1	Objects/Door1.png	7	5
inn sign	0	Objects/Decor0.png	6	6
intermittent teeth	0	Objects/Trap0.png	7	3
intermittent teeth	1	Objects/Trap1.png	7	3
intestines	0	Items/Flesh.png	7	1
invisible creature	0	Characters/Elemental0.png	2	8
invisible creature	1	Characters/Elemental1.png	2	8
invitation	0	Items/Key.png	2	0
iridium wand	0	Items/Wand.png	5	1
iron armor	0	Items/Armor.png	2	6
iron gauntlet	0	Items/Glove.png	0	0
iron golem	0	Characters/Elemental0.png	3	1
iron golem	1	Characters/Elemental1.png	3	1
iron piercer	0	Characters/Elemental0.png	1	6
iron piercer	1	Characters/Elemental1.png	1	6
iron portcullis frame	0	Objects/Door0.png	6	2
iron ring	0	Items/Ring.png	7	2
iron wand	0	Items/Wand.png	1	2
ivory ring	0	Items/Ring.png	7	0
ivory wand	0	Items/Wand.png	5	3
ixoth	0	Characters/Demon0.png	4	1
ixoth	1	Characters/Demon1.png	4	1
jabberwock	0	Characters/Misc0.png	0	4
jabberwock	1	Characters/Misc1.png	0	4
jackal	0	Characters/Dog0.png	0	0
jackal	1	Characters/Dog1.png	0	0
jackrabbit	0	Characters/Rodent0.png	3	0
jackrabbit	1	Characters/Rodent1.png	3	0
jade pendant	0	Items/Amulet.png	5	0
jade ring	0	Items/Ring.png	3	1
jasper amulet	0	Items/Amulet.png	2	1
javelin	0	Items/LongWep.png	5	0
jellyfish	0	Characters/Aquatic0.png	6	0
jellyfish	1	Characters/Aquatic1.png	6	0
jeweled wand	0	Items/Wand.png	2	3
juiblex	0	Characters/Demon0.png	4	0
juiblex	1	Characters/Demon1.png	4	0
jujitsu gi	0	Items/Armor.png	5	7
k ration	0	Items/Food.png	3	4
katana	0	Items/MedWep.png	5	0
keepsake necklace	0	Items/Amulet.png	0	0
kelp frond	0	Items/Food.png	3	3
key	0	Items/Key.png	0	0
keystone kop	0	Characters/Humanoid0.png	0	2
keystone kop	1	Characters/Humanoid1.png	0	2
kidney	0	Items/Flesh.png	3	2
killer bee	0	Characters/Pest0.png	5	1
killer bee	1	Characters/Pest1.png	5	1
killer beetle	0	Characters/Pest0.png	1	10
killer beetle	1	Characters/Pest1.png	1	10
king arthur	0	Characters/Player0.png	1	7
king arthur	1	Characters/Player1.png	1	7
kingly crown	0	Items/Hat.png	2	3
kingwyrm	0	Characters/Reptile0.png	1	3
kingwyrm	1	Characters/Reptile1.png	1	3
kirin	0	Characters/Misc0.png	6	0
kirin	1	Characters/Misc1.png	6	0
kiwi	0	Characters/Avian0.png	5	7
kiwi	1	Characters/Avian1.png	5	7
knife	0	Items/ShortWep.png	6	0
knight	0	Characters/Player0.png	1	3
knight	1	Characters/Player1.png	1	3
kobold ascendant	0	Characters/Player0.png	7	14
kobold ascendant	1	Characters/Player1.png	7	14
kobold barbarian	0	Characters/Player0.png	5	14
kobold barbarian	1	Characters/Player1.png	5	14
kobold convict	0	Characters/Player0.png	6	14
kobold convict	1	Characters/Player1.png	6	14
kobold knight	0	Characters/Player0.png	1	14
kobold knight	1	Characters/Player1.png	1	14
kobold lord	0	Characters/Misc0.png	3	2
kobold lord	1	Characters/Misc1.png	3	2
kobold mummy	0	Characters/Undead0.png	0	1
kobold mummy	1	Characters/Undead1.png	0	1
kobold priest	0	Characters/Player0.png	2	14
kobold priest	1	Characters/Player1.png	2	14
kobold ranger	0	Characters/Player0.png	4	14
kobold ranger	1	Characters/Player1.png	4	14
kobold rogue	0	Characters/Player0.png	3	14
kobold rogue	1	Characters/Player1.png	3	14
kobold shaman	0	Characters/Misc0.png	2	2
kobold shaman	1	Characters/Misc1.png	2	2
kobold zombie	0	Characters/Undead0.png	0	0
kobold zombie	1	Characters/Undead1.png	0	0
kobold	0	Characters/Misc0.png	0	2
kobold	1	Characters/Misc1.png	0	2
komodo dragon	0	Characters/Reptile0.png	1	10
komodo dragon	1	Characters/Reptile1.png	1	10
kop kaptain	0	Characters/Humanoid0.png	3	2
kop kaptain	1	Characters/Humanoid1.png	3	2
kop lieutenant	0	Characters/Humanoid0.png	2	2
kop lieutenant	1	Characters/Humanoid1.png	2	2
kop sergeant	0	Characters/Humanoid0.png	1	2
kop sergeant	1	Characters/Humanoid1.png	1	2
kraken	0	Characters/Aquatic0.png	0	4
kraken	1	Characters/Aquatic1.png	0	4
lacquered armor	0	Items/Armor.png	5	8
lamp	0	Items/Light.png	4	0
lance	0	Items/LongWep.png	1	6
land mine tile	0	Objects/Trap0.png	5	0
land mine	0	Items/Tool.png	5	1
large bullets	0	Items/Ammo.png	1	0
large kobold	0	Characters/Misc0.png	1	2
large kobold	1	Characters/Misc1.png	1	2
large ladder down	0	Objects/Tile.png	7	1
large ladder up	0	Objects/Tile.png	6	1
large mimic	0	Characters/Elemental0.png	1	7
large mimic	1	Characters/Elemental1.png	1	7
large pellets	0	Items/Ammo.png	5	0
large rotting plant	0	Objects/Ground0.png	7	4
large shield	0	Items/Shield.png	4	0
large stairs down	0	Objects/Tile.png	3	1
large stairs up	0	Objects/Tile.png	2	1
larva	0	Characters/Pest0.png	4	0
larva	1	Characters/Pest1.png	4	0
lava demon	0	Characters/Demon0.png	3	0
lava demon	1	Characters/Demon1.png	3	0
lava drizzle	0	Objects/Ground0.png	7	5
lava drizzle	1	Objects/Ground1.png	7	5
lava flow down left right	0	Objects/Map0.png	10	9
lava flow down left right	1	Objects/Map1.png	10	9
lava flow down left	0	Objects/Map0.png	8	9
lava flow down left	1	Objects/Map1.png	8	9
lava flow down right	0	Objects/Map0.png	6	9
lava flow down right	1	Objects/Map1.png	6	9
lava flow left right	0	Objects/Map0.png	7	9
lava flow left right	1	Objects/Map1.png	7	9
lava flow up down left right	0	Objects/Map0.png	10	10
lava flow up down left right	1	Objects/Map1.png	10	10
lava flow up down left	0	Objects/Map0.png	9	10
lava flow up down left	1	Objects/Map1.png	9	10
lava flow up down right	0	Objects/Map0.png	11	10
lava flow up down right	1	Objects/Map1.png	11	10
lava flow up down	0	Objects/Map0.png	6	10
lava flow up down	1	Objects/Map1.png	6	10
lava flow up left right	0	Objects/Map0.png	10	11
lava flow up left right	1	Objects/Map1.png	10	11
lava flow up left	0	Objects/Map0.png	8	11
lava flow up left	1	Objects/Map1.png	8	11
lava flow up right	0	Objects/Map0.png	6	11
lava flow up right	1	Objects/Map1.png	6	11
lava pool center	0	Objects/Pit0.png	1	27
lava pool center	1	Objects/Pit1.png	1	27
lava pool divider	0	Objects/Pit0.png	6	26
lava pool divider	1	Objects/Pit1.png	6	26
lava pool left down	0	Objects/Pit0.png	5	26
lava pool left down	1	Objects/Pit1.png	5	26
lava pool left right up	0	Objects/Pit0.png	4	26
lava pool left right up	1	Objects/Pit1.png	4	26
lava pool left right	0	Objects/Pit0.png	4	27
lava pool left right	1	Objects/Pit1.png	4	27
lava pool left up	0	Objects/Pit0.png	0	26
lava pool left up	1	Objects/Pit1.png	0	26
lava pool left	0	Objects/Pit0.png	0	27
lava pool left	1	Objects/Pit1.png	0	27
lava pool right down	0	Objects/Pit0.png	7	26
lava pool right down	1	Objects/Pit1.png	7	26
lava pool right up	0	Objects/Pit0.png	2	26
lava pool right up	1	Objects/Pit1.png	2	26
lava pool right	0	Objects/Pit0.png	2	27
lava pool right	1	Objects/Pit1.png	2	27
lava pool up	0	Objects/Pit0.png	1	26
lava pool up	1	Objects/Pit1.png	1	26
lava pool	0	Objects/Ground0.png	6	6
lava pool	1	Objects/Ground1.png	6	6
lava puddle	0	Objects/Ground0.png	7	6
lava puddle	1	Objects/Ground1.png	7	6
lava spatter	0	Objects/Ground0.png	6	5
lava spatter	1	Objects/Ground1.png	6	5
lava tile	0	Objects/Tile.png	5	0
lead foil	0	Items/Money.png	6	6
lead shoes	0	Items/Boot.png	1	0
leash	0	Items/Tool.png	6	0
leather boots	0	Items/Boot.png	2	0
leather drum	0	Items/Music.png	0	2
leather glove	0	Items/Glove.png	1	0
leather golem	0	Characters/Elemental0.png	5	0
leather golem	1	Characters/Elemental1.png	5	0
leather shoes	0	Items/Boot.png	0	0
leech	0	Characters/Aquatic0.png	0	5
leech	1	Characters/Aquatic1.png	0	5
left weapon rest empty	0	Objects/Decor0.png	2	11
left weapon rest full	0	Objects/Decor0.png	3	11
legged potion	0	Items/Potion.png	1	4
lembas wafer	0	Items/Food.png	0	4
lemure	0	Characters/Demon0.png	2	4
lemure	1	Characters/Demon1.png	2	4
lens	0	Items/Money.png	2	4
lenses	0	Items/Tool.png	2	0
leocrotta	0	Characters/Quadraped0.png	1	11
leocrotta	1	Characters/Quadraped1.png	1	11
leopard	0	Characters/Cat0.png	1	0
leopard	1	Characters/Cat1.png	1	0
leprechaun	0	Characters/Humanoid0.png	4	8
leprechaun	1	Characters/Humanoid1.png	4	8
lesser devil	0	Characters/Demon0.png	1	1
lesser devil	1	Characters/Demon1.png	1	1
level teleporter tile	0	Objects/Trap0.png	3	1
lich	0	Characters/Undead0.png	4	2
lich	1	Characters/Undead1.png	4	2
lichen	0	Characters/Slime0.png	0	0
lichen	1	Characters/Slime1.png	0	0
lieutenant	0	Characters/Humanoid0.png	2	5
lieutenant	1	Characters/Humanoid1.png	2	5
light mangrove dense	0	Objects/Tree0.png	1	34
light mangrove ne se	0	Objects/Tree0.png	2	34
light mangrove ne sw se	0	Objects/Tree0.png	2	35
light mangrove ne sw	0	Objects/Tree0.png	5	35
light mangrove ne	0	Objects/Tree0.png	4	34
light mangrove nw ne se	0	Objects/Tree0.png	2	33
light mangrove nw ne sw se	0	Objects/Tree0.png	3	33
light mangrove nw ne sw	0	Objects/Tree0.png	0	33
light mangrove nw ne	0	Objects/Tree0.png	1	33
light mangrove nw se	0	Objects/Tree0.png	4	35
light mangrove nw sw se	0	Objects/Tree0.png	0	35
light mangrove nw sw	0	Objects/Tree0.png	0	34
light mangrove nw	0	Objects/Tree0.png	5	34
light mangrove se	0	Objects/Tree0.png	4	33
light mangrove sw se	0	Objects/Tree0.png	1	35
light mangrove sw	0	Objects/Tree0.png	5	33
light oak dense	0	Objects/Tree0.png	1	4
light oak ne se	0	Objects/Tree0.png	2	4
light oak ne sw se	0	Objects/Tree0.png	2	5
light oak ne sw	0	Objects/Tree0.png	5	5
light oak ne	0	Objects/Tree0.png	4	4
light oak nw ne se	0	Objects/Tree0.png	2	3
light oak nw ne sw se	0	Objects/Tree0.png	3	3
light oak nw ne sw	0	Objects/Tree0.png	0	3
light oak nw ne	0	Objects/Tree0.png	1	3
light oak nw se	0	Objects/Tree0.png	4	5
light oak nw sw se	0	Objects/Tree0.png	0	5
light oak nw sw	0	Objects/Tree0.png	0	4
light oak nw	0	Objects/Tree0.png	5	4
light oak se	0	Objects/Tree0.png	4	3
light oak sw se	0	Objects/Tree0.png	1	5
light oak sw	0	Objects/Tree0.png	5	3
light pine dense	0	Objects/Tree0.png	1	16
light pine ne se	0	Objects/Tree0.png	2	16
light pine ne sw se	0	Objects/Tree0.png	2	17
light pine ne sw	0	Objects/Tree0.png	5	17
light pine ne	0	Objects/Tree0.png	4	16
light pine nw ne se	0	Objects/Tree0.png	2	15
light pine nw ne sw se	0	Objects/Tree0.png	3	15
light pine nw ne sw	0	Objects/Tree0.png	0	15
light pine nw ne	0	Objects/Tree0.png	1	15
light pine nw se	0	Objects/Tree0.png	4	17
light pine nw sw se	0	Objects/Tree0.png	0	17
light pine nw sw	0	Objects/Tree0.png	0	16
light pine nw	0	Objects/Tree0.png	5	16
light pine se	0	Objects/Tree0.png	4	15
light pine sw se	0	Objects/Tree0.png	1	17
light pine sw	0	Objects/Tree0.png	5	15
light snowy bare oak dense	0	Objects/Tree0.png	7	10
light snowy bare oak ne se	0	Objects/Tree0.png	8	10
light snowy bare oak ne sw se	0	Objects/Tree0.png	8	11
light snowy bare oak ne sw	0	Objects/Tree0.png	11	11
light snowy bare oak ne	0	Objects/Tree0.png	10	10
light snowy bare oak nw ne se	0	Objects/Tree0.png	8	9
light snowy bare oak nw ne sw se	0	Objects/Tree0.png	9	9
light snowy bare oak nw ne sw	0	Objects/Tree0.png	6	9
light snowy bare oak nw ne	0	Objects/Tree0.png	7	9
light snowy bare oak nw se	0	Objects/Tree0.png	10	11
light snowy bare oak nw sw se	0	Objects/Tree0.png	6	11
light snowy bare oak nw sw	0	Objects/Tree0.png	6	10
light snowy bare oak nw	0	Objects/Tree0.png	11	10
light snowy bare oak se	0	Objects/Tree0.png	10	9
light snowy bare oak sw se	0	Objects/Tree0.png	7	11
light snowy bare oak sw	0	Objects/Tree0.png	11	9
light snowy bare pine dense	0	Objects/Tree0.png	7	22
light snowy bare pine ne se	0	Objects/Tree0.png	8	22
light snowy bare pine ne sw se	0	Objects/Tree0.png	8	23
light snowy bare pine ne sw	0	Objects/Tree0.png	11	23
light snowy bare pine ne	0	Objects/Tree0.png	10	22
light snowy bare pine nw ne se	0	Objects/Tree0.png	8	21
light snowy bare pine nw ne sw se	0	Objects/Tree0.png	9	21
light snowy bare pine nw ne sw	0	Objects/Tree0.png	6	21
light snowy bare pine nw ne	0	Objects/Tree0.png	7	21
light snowy bare pine nw se	0	Objects/Tree0.png	10	23
light snowy bare pine nw sw se	0	Objects/Tree0.png	6	23
light snowy bare pine nw sw	0	Objects/Tree0.png	6	22
light snowy bare pine nw	0	Objects/Tree0.png	11	22
light snowy bare pine se	0	Objects/Tree0.png	10	21
light snowy bare pine sw se	0	Objects/Tree0.png	7	23
light snowy bare pine sw	0	Objects/Tree0.png	11	21
light snowy oak dense	0	Objects/Tree0.png	1	10
light snowy oak ne se	0	Objects/Tree0.png	2	10
light snowy oak ne sw se	0	Objects/Tree0.png	2	11
light snowy oak ne sw	0	Objects/Tree0.png	5	11
light snowy oak ne	0	Objects/Tree0.png	4	10
light snowy oak nw ne se	0	Objects/Tree0.png	2	9
light snowy oak nw ne sw se	0	Objects/Tree0.png	3	9
light snowy oak nw ne sw	0	Objects/Tree0.png	0	9
light snowy oak nw ne	0	Objects/Tree0.png	1	9
light snowy oak nw se	0	Objects/Tree0.png	4	11
light snowy oak nw sw se	0	Objects/Tree0.png	0	11
light snowy oak nw sw	0	Objects/Tree0.png	0	10
light snowy oak nw	0	Objects/Tree0.png	5	10
light snowy oak se	0	Objects/Tree0.png	4	9
light snowy oak sw se	0	Objects/Tree0.png	1	11
light snowy oak sw	0	Objects/Tree0.png	5	9
light snowy pine dense	0	Objects/Tree0.png	1	22
light snowy pine ne se	0	Objects/Tree0.png	2	22
light snowy pine ne sw se	0	Objects/Tree0.png	2	23
light snowy pine ne sw	0	Objects/Tree0.png	5	23
light snowy pine ne	0	Objects/Tree0.png	4	22
light snowy pine nw ne se	0	Objects/Tree0.png	2	21
light snowy pine nw ne sw se	0	Objects/Tree0.png	3	21
light snowy pine nw ne sw	0	Objects/Tree0.png	0	21
light snowy pine nw ne	0	Objects/Tree0.png	1	21
light snowy pine nw se	0	Objects/Tree0.png	4	23
light snowy pine nw sw se	0	Objects/Tree0.png	0	23
light snowy pine nw sw	0	Objects/Tree0.png	0	22
light snowy pine nw	0	Objects/Tree0.png	5	22
light snowy pine se	0	Objects/Tree0.png	4	21
light snowy pine sw se	0	Objects/Tree0.png	1	23
light snowy pine sw	0	Objects/Tree0.png	5	21
light tome	0	Items/Book.png	4	4
lightning tome	0	Items/Book.png	3	4
lightwyrm armor	0	Items/Armor.png	1	1
lightwyrm scales	0	Items/Armor.png	1	3
lightwyrm	0	Characters/Reptile0.png	3	2
lightwyrm	1	Characters/Reptile1.png	3	2
lion	0	Characters/Cat0.png	4	0
lion	1	Characters/Cat1.png	4	0
lit acid wall center	0	Objects/Wall.png	15	31
lit acid wall flat	0	Objects/Wall.png	17	30
lit acid wall left down	0	Objects/Wall.png	16	30
lit acid wall left right down	0	Objects/Wall.png	18	30
lit acid wall left right up down	0	Objects/Wall.png	18	31
lit acid wall left right up	0	Objects/Wall.png	18	32
lit acid wall left right	0	Objects/Wall.png	15	30
lit acid wall left up down	0	Objects/Wall.png	19	31
lit acid wall left up	0	Objects/Wall.png	16	32
lit acid wall right down	0	Objects/Wall.png	14	30
lit acid wall right up down	0	Objects/Wall.png	17	31
lit acid wall right up	0	Objects/Wall.png	14	32
lit acid wall up down	0	Objects/Wall.png	14	31
lit blue wall center	0	Objects/Wall.png	8	43
lit blue wall flat	0	GUI/GUI0.png	14	11
lit blue wall left down	0	Objects/Wall.png	9	42
lit blue wall left right down	0	Objects/Wall.png	11	42
lit blue wall left right up down	0	Objects/Wall.png	11	43
lit blue wall left right up	0	Objects/Wall.png	11	44
lit blue wall left right	0	Objects/Wall.png	8	42
lit blue wall left up down	0	Objects/Wall.png	12	43
lit blue wall left up	0	Objects/Wall.png	9	44
lit blue wall right down	0	Objects/Wall.png	7	42
lit blue wall right up down	0	Objects/Wall.png	10	43
lit blue wall right up	0	Objects/Wall.png	7	44
lit blue wall up down	0	Objects/Wall.png	7	43
lit brick wall center	0	Objects/Wall.png	1	7
lit brick wall flat	0	Objects/Wall.png	3	6
lit brick wall left down	0	Objects/Wall.png	2	6
lit brick wall left right down	0	Objects/Wall.png	4	6
lit brick wall left right up down	0	Objects/Wall.png	4	7
lit brick wall left right up	0	Objects/Wall.png	4	8
lit brick wall left right	0	Objects/Wall.png	1	6
lit brick wall left up down	0	Objects/Wall.png	5	7
lit brick wall left up	0	Objects/Wall.png	2	8
lit brick wall right down	0	Objects/Wall.png	0	6
lit brick wall right up down	0	Objects/Wall.png	3	7
lit brick wall right up	0	Objects/Wall.png	0	8
lit brick wall up down	0	Objects/Wall.png	0	7
lit deep wall center	0	Objects/Wall.png	8	19
lit deep wall flat	0	Objects/Wall.png	10	18
lit deep wall left down	0	Objects/Wall.png	9	18
lit deep wall left right down	0	Objects/Wall.png	11	18
lit deep wall left right up down	0	Objects/Wall.png	11	19
lit deep wall left right up	0	Objects/Wall.png	11	20
lit deep wall left right	0	Objects/Wall.png	8	18
lit deep wall left up down	0	Objects/Wall.png	12	19
lit deep wall left up	0	Objects/Wall.png	9	20
lit deep wall right down	0	Objects/Wall.png	7	18
lit deep wall right up down	0	Objects/Wall.png	10	19
lit deep wall right up	0	Objects/Wall.png	7	20
lit deep wall up down	0	Objects/Wall.png	7	19
lit fort wall center	0	Objects/Wall.png	8	7
lit fort wall flat	0	Objects/Wall.png	10	6
lit fort wall left down	0	Objects/Wall.png	9	6
lit fort wall left right down	0	Objects/Wall.png	11	6
lit fort wall left right up down	0	Objects/Wall.png	11	7
lit fort wall left right up	0	Objects/Wall.png	11	8
lit fort wall left right	0	Objects/Wall.png	8	6
lit fort wall left up down	0	Objects/Wall.png	7	7
lit fort wall left up	0	Objects/Wall.png	9	8
lit fort wall right down	0	Objects/Wall.png	7	6
lit fort wall right up down	0	Objects/Wall.png	7	7
lit fort wall right up	0	Objects/Wall.png	7	8
lit fort wall up down	0	Objects/Wall.png	7	7
lit heat wall center	0	Objects/Wall.png	8	31
lit heat wall flat	0	Objects/Wall.png	10	30
lit heat wall left down	0	Objects/Wall.png	9	30
lit heat wall left right down	0	Objects/Wall.png	11	30
lit heat wall left right up down	0	Objects/Wall.png	11	31
lit heat wall left right up	0	Objects/Wall.png	11	32
lit heat wall left right	0	Objects/Wall.png	8	30
lit heat wall left up down	0	Objects/Wall.png	12	31
lit heat wall left up	0	Objects/Wall.png	9	32
lit heat wall right down	0	Objects/Wall.png	7	30
lit heat wall right up down	0	Objects/Wall.png	10	31
lit heat wall right up	0	Objects/Wall.png	7	32
lit heat wall up down	0	Objects/Wall.png	7	31
lit ice wall center	0	Objects/Wall.png	1	31
lit ice wall flat	0	Objects/Wall.png	3	30
lit ice wall left down	0	Objects/Wall.png	2	30
lit ice wall left right down	0	Objects/Wall.png	4	30
lit ice wall left right up down	0	Objects/Wall.png	4	31
lit ice wall left right up	0	Objects/Wall.png	4	32
lit ice wall left right	0	Objects/Wall.png	1	30
lit ice wall left up down	0	Objects/Wall.png	5	31
lit ice wall left up	0	Objects/Wall.png	2	32
lit ice wall right down	0	Objects/Wall.png	0	30
lit ice wall right up down	0	Objects/Wall.png	3	31
lit ice wall right up	0	Objects/Wall.png	0	32
lit ice wall up down	0	Objects/Wall.png	0	31
lit infernal wall center	0	Objects/Wall.png	15	19
lit infernal wall flat	0	Objects/Wall.png	17	18
lit infernal wall left down	0	Objects/Wall.png	16	18
lit infernal wall left right down	0	Objects/Wall.png	18	18
lit infernal wall left right up down	0	Objects/Wall.png	18	19
lit infernal wall left right up	0	Objects/Wall.png	18	20
lit infernal wall left right	0	Objects/Wall.png	15	18
lit infernal wall left up down	0	Objects/Wall.png	19	19
lit infernal wall left up	0	Objects/Wall.png	16	20
lit infernal wall right down	0	Objects/Wall.png	14	18
lit infernal wall right up down	0	Objects/Wall.png	17	19
lit infernal wall right up	0	Objects/Wall.png	14	20
lit infernal wall up down	0	Objects/Wall.png	14	19
lit mine wall center	0	Objects/Wall.png	15	7
lit mine wall flat	0	Objects/Wall.png	17	6
lit mine wall left down	0	Objects/Wall.png	16	6
lit mine wall left right down	0	Objects/Wall.png	18	6
lit mine wall left right up down	0	Objects/Wall.png	18	7
lit mine wall left right up	0	Objects/Wall.png	18	8
lit mine wall left right	0	Objects/Wall.png	15	6
lit mine wall left up down	0	Objects/Wall.png	19	7
lit mine wall left up	0	Objects/Wall.png	16	8
lit mine wall right down	0	Objects/Wall.png	14	6
lit mine wall right up down	0	Objects/Wall.png	17	7
lit mine wall right up	0	Objects/Wall.png	14	8
lit mine wall up down	0	Objects/Wall.png	14	7
lit orange wall center	0	Objects/Wall.png	1	43
lit orange wall flat	0	Objects/Floor.png	14	0
lit orange wall left down	0	Objects/Wall.png	2	42
lit orange wall left right down	0	Objects/Wall.png	4	42
lit orange wall left right up down	0	Objects/Wall.png	4	43
lit orange wall left right up	0	Objects/Wall.png	4	44
lit orange wall left right	0	Objects/Wall.png	1	42
lit orange wall left up down	0	Objects/Wall.png	5	43
lit orange wall left up	0	Objects/Wall.png	2	44
lit orange wall right down	0	Objects/Wall.png	0	42
lit orange wall right up down	0	Objects/Wall.png	3	43
lit orange wall right up	0	Objects/Wall.png	0	44
lit orange wall up down	0	Objects/Wall.png	0	43
lit rock wall center	0	Objects/Wall.png	1	19
lit rock wall flat	0	Objects/Wall.png	3	18
lit rock wall left down	0	Objects/Wall.png	2	18
lit rock wall left right down	0	Objects/Wall.png	4	18
lit rock wall left right up down	0	Objects/Wall.png	4	19
lit rock wall left right up	0	Objects/Wall.png	4	20
lit rock wall left right	0	Objects/Wall.png	1	18
lit rock wall left up down	0	Objects/Wall.png	5	19
lit rock wall left up	0	Objects/Wall.png	2	20
lit rock wall right down	0	Objects/Wall.png	0	18
lit rock wall right up down	0	Objects/Wall.png	3	19
lit rock wall right up	0	Objects/Wall.png	0	20
lit rock wall up down	0	Objects/Wall.png	0	19
lit snow wall center	0	Objects/Wall.png	15	43
lit snow wall flat	0	Objects/Wall.png	17	42
lit snow wall left down	0	Objects/Wall.png	16	42
lit snow wall left right down	0	Objects/Wall.png	18	42
lit snow wall left right up down	0	Objects/Wall.png	18	43
lit snow wall left right up	0	Objects/Wall.png	18	44
lit snow wall left right	0	Objects/Wall.png	15	42
lit snow wall left up down	0	Objects/Wall.png	19	43
lit snow wall left up	0	Objects/Wall.png	16	44
lit snow wall right down	0	Objects/Wall.png	14	42
lit snow wall right up down	0	Objects/Wall.png	17	43
lit snow wall right up	0	Objects/Wall.png	14	44
lit snow wall up down	0	Objects/Wall.png	14	43
lit tile	0	Objects/Tile.png	3	2
little black book	0	Items/Book.png	4	3
little cogdog	0	Characters/Dog0.png	0	3
little cogdog	1	Characters/Dog1.png	0	3
little distortion	0	Objects/Effect0.png	6	21
little distortion	1	Objects/Effect1.png	6	21
little flame	0	Objects/Effect0.png	0	21
little flame	1	Objects/Effect1.png	0	21
little flood	0	Objects/Effect0.png	2	21
little flood	1	Objects/Effect1.png	2	21
little freeze	0	Objects/Effect0.png	4	21
little freeze	1	Objects/Effect1.png	4	21
little hound	0	Characters/Dog0.png	0	2
little hound	1	Characters/Dog1.png	0	2
little protection	0	Objects/Effect0.png	2	23
little protection	1	Objects/Effect1.png	2	23
little quake	0	Objects/Effect0.png	2	22
little quake	1	Objects/Effect1.png	2	22
little shine	0	Objects/Effect0.png	6	22
little shine	1	Objects/Effect1.png	6	22
little terrier	0	Characters/Dog0.png	0	4
little terrier	1	Characters/Dog1.png	0	4
little terror	0	Objects/Effect0.png	1	23
little terror	1	Objects/Effect1.png	1	23
little thorns	0	Objects/Effect0.png	0	22
little thorns	1	Objects/Effect1.png	0	22
little tornado	0	Objects/Effect0.png	4	22
little tornado	1	Objects/Effect1.png	4	22
liver	0	Items/Flesh.png	7	0
lizard	0	Characters/Reptile0.png	0	8
lizard	1	Characters/Reptile1.png	0	8
llama	0	Characters/Quadraped0.png	6	1
llama	1	Characters/Quadraped1.png	6	1
loadstone	0	Items/Money.png	4	3
loaf of bread	0	Items/Food.png	1	4
lobster	0	Characters/Aquatic0.png	5	0
lobster	1	Characters/Aquatic1.png	5	0
locked diary	0	Items/Book.png	1	4
locked gold portcullis front	0	Objects/Door0.png	2	3
locked gold portcullis side	0	Objects/Door0.png	3	3
locked iron portcullis front	0	Objects/Door0.png	2	2
locked iron portcullis side	0	Objects/Door0.png	3	2
locked stone door front	0	Objects/Door0.png	2	1
locked stone door side	0	Objects/Door0.png	3	1
locked wooden door front	0	Objects/Door0.png	2	0
locked wooden door side	0	Objects/Door0.png	3	0
lockpicks	0	Items/Key.png	1	0
locks front	0	Objects/Door0.png	2	4
locks side	0	Objects/Door0.png	3	4
locust	0	Characters/Pest0.png	1	5
locust	1	Characters/Pest1.png	1	5
long poleaxe	0	Items/LongWep.png	1	4
long scroll	0	Items/Scroll.png	1	0
long sword	0	Items/LongWep.png	2	1
long wand	0	Items/Wand.png	6	2
long worm tail	0	Characters/Pest0.png	2	3
long worm tail	1	Characters/Pest1.png	2	3
long worm	0	Characters/Pest0.png	1	3
long worm	1	Characters/Pest1.png	1	3
longbow	0	Items/Ammo.png	0	1
lord carnavon	0	Characters/Player0.png	3	8
lord carnavon	1	Characters/Player1.png	3	8
love box	0	GUI/GUI0.png	10	3
love box	1	GUI/GUI1.png	10	3
luckstone	0	Items/Money.png	5	3
luggage	0	Items/Armor.png	3	5
luminous mushroom	0	Items/Food.png	3	0
lump of royal jelly	0	Items/Food.png	0	5
lung	0	Items/Flesh.png	6	1
lurker above	0	Characters/Elemental0.png	0	9
lurker above	1	Characters/Elemental1.png	0	9
lurker below	0	Characters/Elemental0.png	1	9
lurker below	1	Characters/Elemental1.png	1	9
lynx kitten	0	Characters/Cat0.png	0	2
lynx kitten	1	Characters/Cat1.png	0	2
lynx	0	Characters/Cat0.png	1	2
lynx	1	Characters/Cat1.png	1	2
mace	0	Items/LongWep.png	4	4
maddening book	0	Items/Book.png	5	2
maelstrom shrub	0	Characters/Plant0.png	6	0
maelstrom shrub	1	Characters/Plant1.png	6	0
maelstrom tree	0	Characters/Plant0.png	6	1
maelstrom tree	1	Characters/Plant1.png	6	1
magenta potion	0	Items/Potion.png	1	1
maggot	0	Characters/Pest0.png	5	0
maggot	1	Characters/Pest1.png	5	0
magic bag	0	Items/Chest0.png	2	2
magic bag	1	Items/Chest1.png	2	2
magic bones	0	Objects/Decor0.png	5	12
magic bones	1	Objects/Decor1.png	5	12
magic burst c	0	Objects/Effect0.png	1	10
magic burst c	1	Objects/Effect1.png	1	10
magic burst e	0	Objects/Effect0.png	2	10
magic burst e	1	Objects/Effect1.png	2	10
magic burst n	0	Objects/Effect0.png	1	9
magic burst n	1	Objects/Effect1.png	1	9
magic burst ne	0	Objects/Effect0.png	2	9
magic burst ne	1	Objects/Effect1.png	2	9
magic burst nw	0	Objects/Effect0.png	0	9
magic burst nw	1	Objects/Effect1.png	0	9
magic burst s	0	Objects/Effect0.png	1	11
magic burst s	1	Objects/Effect1.png	1	11
magic burst se	0	Objects/Effect0.png	2	11
magic burst se	1	Objects/Effect1.png	2	11
magic burst sw	0	Objects/Effect0.png	0	11
magic burst sw	1	Objects/Effect1.png	0	11
magic burst w	0	Objects/Effect0.png	0	10
magic burst w	1	Objects/Effect1.png	0	10
magic dragon skull	0	Objects/Decor0.png	4	13
magic dragon skull	1	Objects/Decor1.png	4	13
magic flute	0	Items/Music.png	3	0
magic harp	0	Items/Music.png	1	3
magic lamp	0	Items/Light.png	5	0
magic marker	0	Items/Tool.png	4	1
magic portal tile	0	Objects/Trap0.png	4	1
magic ribcage	0	Objects/Decor0.png	5	13
magic ribcage	1	Objects/Decor1.png	5	13
magic skull	0	Objects/Decor0.png	4	12
magic skull	1	Objects/Decor1.png	4	12
magic trap tile	0	Objects/Trap0.png	6	1
magic whistle	0	Items/Music.png	1	0
mail daemon	0	Characters/Demon0.png	7	1
mail daemon	1	Characters/Demon1.png	7	1
mail	0	Items/Scroll.png	2	5
man o war	0	Characters/Aquatic0.png	7	0
man o war	1	Characters/Aquatic1.png	7	0
man	0	Characters/Player0.png	0	3
man	1	Characters/Player1.png	0	3
manes	0	Characters/Demon0.png	1	4
manes	1	Characters/Demon1.png	1	4
maple wand	0	Items/Wand.png	3	0
marble wand	0	Items/Wand.png	7	0
marbled cut of meat	0	Items/Flesh.png	0	1
marid	0	Characters/Humanoid0.png	1	18
marid	1	Characters/Humanoid1.png	1	18
marilith	0	Characters/Demon0.png	1	0
marilith	1	Characters/Demon1.png	1	0
master lich	0	Characters/Undead0.png	6	2
master lich	1	Characters/Undead1.png	6	2
master mind flayer	0	Characters/Humanoid0.png	1	20
master mind flayer	1	Characters/Humanoid1.png	1	20
master of thieves	0	Characters/Player0.png	3	7
master of thieves	1	Characters/Player1.png	3	7
mastodon	0	Characters/Quadraped0.png	0	9
mastodon	1	Characters/Quadraped1.png	0	9
mat a	0	Objects/Decor0.png	6	9
mat b	0	Objects/Decor0.png	7	9
mattock	0	Items/ShortWep.png	2	3
meat book	0	Items/Flesh.png	5	0
meat device	0	Items/Flesh.png	6	8
meat hat	0	Items/Flesh.png	3	8
meat instrument	0	Items/Flesh.png	5	8
meat ring	0	Items/Flesh.png	4	0
meat wand	0	Items/Flesh.png	2	0
meatball	0	Items/Flesh.png	1	0
meathead	0	Characters/Undead0.png	0	9
meathead	1	Characters/Undead1.png	0	9
medical textbook	0	Items/Book.png	3	5
medusa	0	Characters/Humanoid0.png	0	26
medusa	1	Characters/Humanoid1.png	0	26
memoir	0	Items/Book.png	2	5
metal clear pool center	0	Objects/Pit0.png	1	13
metal clear pool divider	0	Objects/Pit0.png	6	12
metal clear pool left down	0	Objects/Pit0.png	5	12
metal clear pool left right up	0	Objects/Pit0.png	4	12
metal clear pool left right	0	Objects/Pit0.png	4	13
metal clear pool left up	0	Objects/Pit0.png	0	12
metal clear pool left	0	Objects/Pit0.png	0	13
metal clear pool right down	0	Objects/Pit0.png	7	12
metal clear pool right up	0	Objects/Pit0.png	2	12
metal clear pool right	0	Objects/Pit0.png	2	13
metal clear pool up	0	Objects/Pit0.png	1	12
metal fence down left right	0	Objects/Fence.png	4	6
metal fence down left	0	Objects/Fence.png	2	6
metal fence down right	0	Objects/Fence.png	0	6
metal fence left right	0	Objects/Fence.png	1	6
metal fence up down left right	0	Objects/Fence.png	4	7
metal fence up down left	0	Objects/Fence.png	3	7
metal fence up down right	0	Objects/Fence.png	5	7
metal fence up down	0	Objects/Fence.png	0	7
metal fence up left right	0	Objects/Fence.png	4	8
metal fence up left	0	Objects/Fence.png	2	8
metal fence up right	0	Objects/Fence.png	0	8
metal murky pool center	0	Objects/Pit0.png	1	19
metal murky pool divider	0	Objects/Pit0.png	6	18
metal murky pool left down	0	Objects/Pit0.png	5	18
metal murky pool left right up	0	Objects/Pit0.png	4	18
metal murky pool left right	0	Objects/Pit0.png	4	19
metal murky pool left up	0	Objects/Pit0.png	0	18
metal murky pool left	0	Objects/Pit0.png	0	19
metal murky pool right down	0	Objects/Pit0.png	7	18
metal murky pool right up	0	Objects/Pit0.png	2	18
metal murky pool right	0	Objects/Pit0.png	2	19
metal murky pool up	0	Objects/Pit0.png	1	18
metal pit center	0	GUI/GUI0.png	2	8
metal pit divider	0	Objects/Pit0.png	6	6
metal pit left down	0	Objects/Pit0.png	5	6
metal pit left right up	0	Objects/Pit0.png	4	6
metal pit left right	0	Objects/Pit0.png	4	7
metal pit left up	0	Objects/Pit0.png	0	6
metal pit left	0	Objects/Pit0.png	0	7
metal pit right down	0	Objects/Pit0.png	7	6
metal pit right up	0	Objects/Pit0.png	2	6
metal pit right	0	Objects/Pit0.png	2	7
metal pit up	0	Objects/Pit0.png	1	6
metal toxic pool center	0	Objects/Pit0.png	1	25
metal toxic pool divider	0	Objects/Pit0.png	6	24
metal toxic pool left down	0	Objects/Pit0.png	5	24
metal toxic pool left right up	0	Objects/Pit0.png	4	24
metal toxic pool left right	0	Objects/Pit0.png	4	25
metal toxic pool left up	0	Objects/Pit0.png	0	24
metal toxic pool left	0	Objects/Pit0.png	0	25
metal toxic pool right down	0	Objects/Pit0.png	7	24
metal toxic pool right up	0	Objects/Pit0.png	2	24
metal toxic pool right	0	Objects/Pit0.png	2	25
metal toxic pool up	0	Objects/Pit0.png	1	24
mid bullets	0	Items/Ammo.png	2	0
mid pellets	0	Items/Ammo.png	6	0
militant orc	0	Characters/Humanoid0.png	3	4
militant orc	1	Characters/Humanoid1.png	3	4
military text	0	Items/Book.png	6	0
milky potion	0	Items/Potion.png	4	1
mind flayer	0	Characters/Humanoid0.png	0	20
mind flayer	1	Characters/Humanoid1.png	0	20
miner	0	Characters/Humanoid0.png	4	9
miner	1	Characters/Humanoid1.png	4	9
minion of huhetotl	0	Characters/Demon0.png	5	1
minion of huhetotl	1	Characters/Demon1.png	5	1
minotaur	0	Characters/Humanoid0.png	0	1
minotaur	1	Characters/Humanoid1.png	0	1
mirror plate	0	Items/Armor.png	7	6
mirror	0	Items/Tool.png	0	0
mirrored wand	0	Items/Wand.png	1	5
misshapen talisman	0	Items/Amulet.png	6	1
missile	0	Items/Ammo.png	5	2
moldy book	0	Items/Book.png	5	0
moldy cloak	0	Items/Armor.png	7	4
molten gold	0	Items/Money.png	7	3
monk robes	0	Items/Armor.png	0	7
monk	0	Characters/Player0.png	7	0
monk	1	Characters/Player1.png	7	0
monkey	0	Characters/Misc0.png	0	3
monkey	1	Characters/Misc1.png	0	3
moonstone ring	0	Items/Ring.png	1	1
morning boulder c	0	GUI/GUI0.png	14	8
morning boulder e	0	Objects/Floor.png	16	16
morning boulder n	0	Objects/Floor.png	15	15
morning boulder ne	0	Objects/Floor.png	16	15
morning boulder ns	0	Objects/Floor.png	19	16
morning boulder nse	0	Objects/Floor.png	20	16
morning boulder nsw	0	Objects/Floor.png	18	16
morning boulder nswe	0	Objects/Floor.png	19	15
morning boulder nw	0	Objects/Floor.png	14	15
morning boulder nwe	0	Objects/Floor.png	17	15
morning boulder s	0	Objects/Floor.png	15	17
morning boulder se	0	Objects/Floor.png	16	17
morning boulder sw	0	Objects/Floor.png	14	17
morning boulder swe	0	Objects/Floor.png	17	17
morning boulder w	0	Objects/Floor.png	14	16
morning boulder we	0	Objects/Floor.png	17	16
morning brick floor c	0	Objects/Floor.png	8	16
morning brick floor e	0	Objects/Floor.png	9	16
morning brick floor n	0	Objects/Floor.png	8	15
morning brick floor ne	0	Objects/Floor.png	9	15
morning brick floor ns	0	Objects/Floor.png	12	16
morning brick floor nse	0	Objects/Floor.png	13	16
morning brick floor nsw	0	Objects/Floor.png	11	16
morning brick floor nswe	0	Objects/Floor.png	12	15
morning brick floor nw	0	Objects/Floor.png	7	15
morning brick floor nwe	0	Objects/Floor.png	10	15
morning brick floor s	0	Objects/Floor.png	8	17
morning brick floor se	0	Objects/Floor.png	9	17
morning brick floor sw	0	Objects/Floor.png	7	17
morning brick floor swe	0	Objects/Floor.png	10	17
morning brick floor w	0	Objects/Floor.png	7	16
morning brick floor we	0	Objects/Floor.png	10	16
morning dirt floor c	0	Objects/Floor.png	1	16
morning dirt floor e	0	Objects/Floor.png	2	16
morning dirt floor n	0	Objects/Floor.png	1	15
morning dirt floor ne	0	Objects/Floor.png	2	15
morning dirt floor ns	0	Objects/Floor.png	5	16
morning dirt floor nse	0	Objects/Floor.png	6	16
morning dirt floor nsw	0	Objects/Floor.png	4	16
morning dirt floor nswe	0	Objects/Floor.png	5	15
morning dirt floor nw	0	Objects/Floor.png	0	15
morning dirt floor nwe	0	Objects/Floor.png	3	15
morning dirt floor s	0	Objects/Floor.png	1	17
morning dirt floor se	0	Objects/Floor.png	2	17
morning dirt floor sw	0	Objects/Floor.png	0	17
morning dirt floor swe	0	Objects/Floor.png	3	17
morning dirt floor w	0	Objects/Floor.png	0	16
morning dirt floor we	0	Objects/Floor.png	3	16
morning grass floor c	0	Objects/Floor.png	8	4
morning grass floor e	0	Objects/Floor.png	9	4
morning grass floor n	0	Objects/Floor.png	8	3
morning grass floor ne	0	Objects/Floor.png	9	3
morning grass floor ns	0	Objects/Floor.png	12	4
morning grass floor nse	0	Objects/Floor.png	13	4
morning grass floor nsw	0	Objects/Floor.png	11	4
morning grass floor nswe	0	Objects/Floor.png	12	3
morning grass floor nw	0	Objects/Floor.png	7	3
morning grass floor nwe	0	Objects/Floor.png	10	3
morning grass floor s	0	Objects/Floor.png	8	5
morning grass floor se	0	Objects/Floor.png	9	5
morning grass floor sw	0	Objects/Floor.png	7	5
morning grass floor swe	0	Objects/Floor.png	10	5
morning grass floor w	0	Objects/Floor.png	7	4
morning grass floor we	0	Objects/Floor.png	10	4
morning plowed field c	0	Objects/Floor.png	1	28
morning plowed field e	0	Objects/Floor.png	2	28
morning plowed field n	0	Objects/Floor.png	1	27
morning plowed field ne	0	Objects/Floor.png	2	27
morning plowed field ns	0	Objects/Floor.png	5	28
morning plowed field nse	0	Objects/Floor.png	6	28
morning plowed field nsw	0	Objects/Floor.png	4	28
morning plowed field nswe	0	Objects/Floor.png	5	27
morning plowed field nw	0	Objects/Floor.png	0	27
morning plowed field nwe	0	Objects/Floor.png	3	27
morning plowed field s	0	Objects/Floor.png	1	29
morning plowed field se	0	Objects/Floor.png	2	29
morning plowed field sw	0	Objects/Floor.png	0	29
morning plowed field swe	0	Objects/Floor.png	3	29
morning plowed field w	0	Objects/Floor.png	0	28
morning plowed field we	0	Objects/Floor.png	3	28
morning star	0	Items/ShortWep.png	0	4
morning stone floor c	0	Objects/Floor.png	15	4
morning stone floor e	0	Objects/Floor.png	16	4
morning stone floor n	0	Objects/Floor.png	15	3
morning stone floor ne	0	Objects/Floor.png	16	3
morning stone floor ns	0	Objects/Floor.png	19	4
morning stone floor nse	0	Objects/Floor.png	20	4
morning stone floor nsw	0	Objects/Floor.png	18	4
morning stone floor nswe	0	Objects/Floor.png	19	3
morning stone floor nw	0	Objects/Floor.png	14	3
morning stone floor nwe	0	Objects/Floor.png	17	3
morning stone floor s	0	Objects/Floor.png	15	5
morning stone floor se	0	Objects/Floor.png	16	5
morning stone floor sw	0	Objects/Floor.png	14	5
morning stone floor swe	0	Objects/Floor.png	17	5
morning stone floor w	0	Objects/Floor.png	14	4
morning stone floor we	0	Objects/Floor.png	17	4
morning tile floor c	0	Objects/Floor.png	1	4
morning tile floor e	0	Objects/Floor.png	2	4
morning tile floor n	0	Objects/Floor.png	1	3
morning tile floor ne	0	Objects/Floor.png	2	3
morning tile floor ns	0	Objects/Floor.png	5	4
morning tile floor nse	0	Objects/Floor.png	6	4
morning tile floor nsw	0	Objects/Floor.png	4	4
morning tile floor nswe	0	Objects/Floor.png	5	3
morning tile floor nw	0	Objects/Floor.png	0	3
morning tile floor nwe	0	Objects/Floor.png	3	3
morning tile floor s	0	Objects/Floor.png	1	5
morning tile floor se	0	Objects/Floor.png	2	5
morning tile floor sw	0	Objects/Floor.png	0	5
morning tile floor swe	0	Objects/Floor.png	3	5
morning tile floor w	0	Objects/Floor.png	0	4
morning tile floor we	0	Objects/Floor.png	3	4
mould	0	Characters/Plant0.png	1	6
mould	1	Characters/Plant1.png	1	6
mount marker	0	GUI/GUI0.png	3	5
mount marker	1	GUI/GUI1.png	3	5
mountain centaur	0	Characters/Humanoid0.png	3	13
mountain centaur	1	Characters/Humanoid1.png	3	13
mountain fairy	0	Characters/Humanoid0.png	4	3
mountain fairy	1	Characters/Humanoid1.png	4	3
mountain nymph	0	Characters/Humanoid0.png	2	11
mountain nymph	1	Characters/Humanoid1.png	2	11
mountain spirit	0	Characters/Humanoid0.png	5	3
mountain spirit	1	Characters/Humanoid1.png	5	3
mountain sprite	0	Characters/Humanoid0.png	3	3
mountain sprite	1	Characters/Humanoid1.png	3	3
mountaineer boots	0	Items/Boot.png	1	1
mounted statue	0	Objects/Decor0.png	4	20
mud burst c	0	Objects/Effect0.png	4	1
mud burst c	1	Objects/Effect1.png	4	1
mud burst e	0	Objects/Effect0.png	5	1
mud burst e	1	Objects/Effect1.png	5	1
mud burst n	0	Objects/Effect0.png	4	0
mud burst n	1	Objects/Effect1.png	4	0
mud burst ne	0	Objects/Effect0.png	5	0
mud burst ne	1	Objects/Effect1.png	5	0
mud burst nw	0	Objects/Effect0.png	3	0
mud burst nw	1	Objects/Effect1.png	3	0
mud burst s	0	Objects/Effect0.png	4	2
mud burst s	1	Objects/Effect1.png	4	2
mud burst se	0	Objects/Effect0.png	5	2
mud burst se	1	Objects/Effect1.png	5	2
mud burst sw	0	Objects/Effect0.png	3	2
mud burst sw	1	Objects/Effect1.png	3	2
mud burst w	0	Objects/Effect0.png	3	1
mud burst w	1	Objects/Effect1.png	3	1
mumak	0	Characters/Quadraped0.png	1	9
mumak	1	Characters/Quadraped1.png	1	9
murky potion	0	Items/Potion.png	0	3
mystery blue scroll	0	Items/Scroll.png	3	4
mystery dark scroll	0	Items/Scroll.png	5	4
mystery gray scroll	0	Items/Scroll.png	1	3
mystery green scroll	0	Items/Scroll.png	0	4
mystery orange scroll	0	Items/Scroll.png	5	3
mystery red scroll	0	Items/Scroll.png	4	3
mystery story	0	Items/Book.png	4	6
mystery white scroll	0	Items/Scroll.png	5	2
mystery yellow scroll	0	Items/Scroll.png	6	3
nalfeshnee	0	Characters/Demon0.png	0	8
nalfeshnee	1	Characters/Demon1.png	0	8
nalzok	0	Characters/Demon0.png	3	1
nalzok	1	Characters/Demon1.png	3	1
natural tome	0	Items/Book.png	1	7
navigation guide	0	Items/Book.png	2	2
nazgul	0	Characters/Undead0.png	1	6
nazgul	1	Characters/Undead1.png	1	6
neferet the green	0	Characters/Player0.png	6	7
neferet the green	1	Characters/Player1.png	6	7
newborn brown horse	0	Characters/Quadraped0.png	0	5
newborn brown horse	1	Characters/Quadraped1.png	0	5
newt	0	Characters/Reptile0.png	3	10
newt	1	Characters/Reptile1.png	3	10
night boulder c	0	GUI/GUI0.png	14	11
night boulder e	0	Objects/Floor.png	16	25
night boulder n	0	Objects/Floor.png	15	24
night boulder ne	0	Objects/Floor.png	16	24
night boulder ns	0	Objects/Floor.png	19	25
night boulder nse	0	Objects/Floor.png	20	25
night boulder nsw	0	Objects/Floor.png	18	25
night boulder nswe	0	Objects/Floor.png	19	24
night boulder nw	0	Objects/Floor.png	14	24
night boulder nwe	0	Objects/Floor.png	17	24
night boulder s	0	Objects/Floor.png	15	26
night boulder se	0	Objects/Floor.png	16	26
night boulder sw	0	Objects/Floor.png	14	26
night boulder swe	0	Objects/Floor.png	17	26
night boulder w	0	Objects/Floor.png	14	25
night boulder we	0	Objects/Floor.png	17	25
night brick floor c	0	Objects/Floor.png	8	25
night brick floor e	0	Objects/Floor.png	9	25
night brick floor n	0	Objects/Floor.png	8	24
night brick floor ne	0	Objects/Floor.png	9	24
night brick floor ns	0	Objects/Floor.png	12	25
night brick floor nse	0	Objects/Floor.png	13	25
night brick floor nsw	0	Objects/Floor.png	11	25
night brick floor nswe	0	Objects/Floor.png	12	24
night brick floor nw	0	Objects/Floor.png	7	24
night brick floor nwe	0	Objects/Floor.png	10	24
night brick floor s	0	Objects/Floor.png	8	26
night brick floor se	0	Objects/Floor.png	9	26
night brick floor sw	0	Objects/Floor.png	7	26
night brick floor swe	0	Objects/Floor.png	10	26
night brick floor w	0	Objects/Floor.png	7	25
night brick floor we	0	Objects/Floor.png	10	25
night dirt floor c	0	Objects/Floor.png	1	25
night dirt floor e	0	Objects/Floor.png	2	25
night dirt floor n	0	Objects/Floor.png	1	24
night dirt floor ne	0	Objects/Floor.png	2	24
night dirt floor ns	0	Objects/Floor.png	5	25
night dirt floor nse	0	Objects/Floor.png	6	25
night dirt floor nsw	0	Objects/Floor.png	4	25
night dirt floor nswe	0	Objects/Floor.png	5	24
night dirt floor nw	0	Objects/Floor.png	0	24
night dirt floor nwe	0	Objects/Floor.png	3	24
night dirt floor s	0	Objects/Floor.png	1	26
night dirt floor se	0	Objects/Floor.png	2	26
night dirt floor sw	0	Objects/Floor.png	0	26
night dirt floor swe	0	Objects/Floor.png	3	26
night dirt floor w	0	Objects/Floor.png	0	25
night dirt floor we	0	Objects/Floor.png	3	25
night grass floor c	0	Objects/Floor.png	8	13
night grass floor e	0	Objects/Floor.png	9	13
night grass floor n	0	Objects/Floor.png	8	12
night grass floor ne	0	Objects/Floor.png	9	12
night grass floor ns	0	Objects/Floor.png	12	13
night grass floor nse	0	Objects/Floor.png	13	13
night grass floor nsw	0	Objects/Floor.png	11	13
night grass floor nswe	0	Objects/Floor.png	12	12
night grass floor nw	0	Objects/Floor.png	7	12
night grass floor nwe	0	Objects/Floor.png	10	12
night grass floor s	0	Objects/Floor.png	8	14
night grass floor se	0	Objects/Floor.png	9	14
night grass floor sw	0	Objects/Floor.png	7	14
night grass floor swe	0	Objects/Floor.png	10	14
night grass floor w	0	Objects/Floor.png	7	13
night grass floor we	0	Objects/Floor.png	10	13
night plowed field c	0	Objects/Floor.png	1	37
night plowed field e	0	Objects/Floor.png	2	37
night plowed field n	0	Objects/Floor.png	1	36
night plowed field ne	0	Objects/Floor.png	2	36
night plowed field ns	0	Objects/Floor.png	5	37
night plowed field nse	0	Objects/Floor.png	6	37
night plowed field nsw	0	Objects/Floor.png	4	37
night plowed field nswe	0	Objects/Floor.png	5	36
night plowed field nw	0	Objects/Floor.png	0	36
night plowed field nwe	0	Objects/Floor.png	3	36
night plowed field s	0	Objects/Floor.png	1	38
night plowed field se	0	Objects/Floor.png	2	38
night plowed field sw	0	Objects/Floor.png	0	38
night plowed field swe	0	Objects/Floor.png	3	38
night plowed field w	0	Objects/Floor.png	0	37
night plowed field we	0	Objects/Floor.png	3	37
night stone floor c	0	Objects/Floor.png	15	13
night stone floor e	0	Objects/Floor.png	16	13
night stone floor n	0	Objects/Floor.png	15	12
night stone floor ne	0	Objects/Floor.png	16	12
night stone floor ns	0	Objects/Floor.png	19	13
night stone floor nse	0	Objects/Floor.png	20	13
night stone floor nsw	0	Objects/Floor.png	18	13
night stone floor nswe	0	Objects/Floor.png	19	12
night stone floor nw	0	Objects/Floor.png	14	12
night stone floor nwe	0	Objects/Floor.png	17	12
night stone floor s	0	Objects/Floor.png	15	14
night stone floor se	0	Objects/Floor.png	16	14
night stone floor sw	0	Objects/Floor.png	14	14
night stone floor swe	0	Objects/Floor.png	17	14
night stone floor w	0	Objects/Floor.png	14	13
night stone floor we	0	Objects/Floor.png	17	13
night tile floor c	0	Objects/Floor.png	1	13
night tile floor e	0	Objects/Floor.png	2	13
night tile floor n	0	Objects/Floor.png	1	12
night tile floor ne	0	Objects/Floor.png	2	12
night tile floor ns	0	Objects/Floor.png	5	13
night tile floor nse	0	Objects/Floor.png	6	13
night tile floor nsw	0	Objects/Floor.png	4	13
night tile floor nswe	0	Objects/Floor.png	5	12
night tile floor nw	0	Objects/Floor.png	0	12
night tile floor nwe	0	Objects/Floor.png	3	12
night tile floor s	0	Objects/Floor.png	1	14
night tile floor se	0	Objects/Floor.png	2	14
night tile floor sw	0	Objects/Floor.png	0	14
night tile floor swe	0	Objects/Floor.png	3	14
night tile floor w	0	Objects/Floor.png	0	13
night tile floor we	0	Objects/Floor.png	3	13
nighthawk	0	Characters/Avian0.png	1	1
nighthawk	1	Characters/Avian1.png	1	1
ninja master	0	Characters/Player0.png	2	8
ninja master	1	Characters/Player1.png	2	8
ninja	0	Characters/Player0.png	2	4
ninja	1	Characters/Player1.png	2	4
no box	0	GUI/GUI0.png	13	2
no box	1	GUI/GUI1.png	13	2
nomad	0	Characters/Player0.png	5	1
nomad	1	Characters/Player1.png	5	1
norn	0	Characters/Player0.png	4	7
norn	1	Characters/Player1.png	4	7
novelty tee	0	Items/Armor.png	4	7
noxious burst c	0	Objects/Effect0.png	4	4
noxious burst c	1	Objects/Effect1.png	4	4
noxious burst e	0	Objects/Effect0.png	5	4
noxious burst e	1	Objects/Effect1.png	5	4
noxious burst n	0	Objects/Effect0.png	4	3
noxious burst n	1	Objects/Effect1.png	4	3
noxious burst ne	0	Objects/Effect0.png	5	3
noxious burst ne	1	Objects/Effect1.png	5	3
noxious burst nw	0	Objects/Effect0.png	3	3
noxious burst nw	1	Objects/Effect1.png	3	3
noxious burst s	0	Objects/Effect0.png	4	5
noxious burst s	1	Objects/Effect1.png	4	5
noxious burst se	0	Objects/Effect0.png	5	5
noxious burst se	1	Objects/Effect1.png	5	5
noxious burst sw	0	Objects/Effect0.png	3	5
noxious burst sw	1	Objects/Effect1.png	3	5
noxious burst w	0	Objects/Effect0.png	3	4
noxious burst w	1	Objects/Effect1.png	3	4
noxious river down left right	0	Objects/Map0.png	10	6
noxious river down left right	1	Objects/Map1.png	10	6
noxious river down left	0	Objects/Map0.png	8	6
noxious river down left	1	Objects/Map1.png	8	6
noxious river down right	0	Objects/Map0.png	6	6
noxious river down right	1	Objects/Map1.png	6	6
noxious river left right	0	Objects/Map0.png	7	6
noxious river left right	1	Objects/Map1.png	7	6
noxious river up down left right	0	Objects/Map0.png	10	7
noxious river up down left right	1	Objects/Map1.png	10	7
noxious river up down left	0	Objects/Map0.png	9	7
noxious river up down left	1	Objects/Map1.png	9	7
noxious river up down right	0	Objects/Map0.png	11	7
noxious river up down right	1	Objects/Map1.png	11	7
noxious river up down	0	Objects/Map0.png	6	7
noxious river up down	1	Objects/Map1.png	6	7
noxious river up left right	0	Objects/Map0.png	10	8
noxious river up left right	1	Objects/Map1.png	10	8
noxious river up left	0	Objects/Map0.png	8	8
noxious river up left	1	Objects/Map1.png	8	8
noxious river up right	0	Objects/Map0.png	6	8
noxious river up right	1	Objects/Map1.png	6	8
nunchaku	0	Items/ShortWep.png	2	2
nurse	0	Characters/Humanoid0.png	1	15
nurse	1	Characters/Humanoid1.png	1	22
oak wand	0	Items/Wand.png	5	0
obsidian point	0	Items/Money.png	3	4
obsidian ring	0	Items/Ring.png	5	0
ocean spirit	0	Characters/Humanoid0.png	0	24
ocean spirit	1	Characters/Humanoid1.png	0	24
ochre jelly	0	Characters/Slime0.png	2	3
ochre jelly	1	Characters/Slime1.png	2	3
ogre king	0	Characters/Humanoid0.png	2	14
ogre king	1	Characters/Humanoid1.png	2	14
ogre lord	0	Characters/Humanoid0.png	1	14
ogre lord	1	Characters/Humanoid1.png	1	14
ogre	0	Characters/Humanoid0.png	0	14
ogre	1	Characters/Humanoid1.png	0	14
oily ore left right	0	Objects/Ore0.png	3	4
oily ore left right	1	Objects/Ore0.png	3	5
oily ore left	0	Objects/Ore0.png	1	4
oily ore left	1	Objects/Ore0.png	1	5
oily ore right	0	Objects/Ore0.png	2	4
oily ore right	1	Objects/Ore0.png	2	5
oily ore up	0	Objects/Ore0.png	0	4
oily ore up	1	Objects/Ore0.png	0	5
old bones	0	Objects/Decor0.png	3	12
old dragon skull	0	Objects/Decor0.png	2	13
old ribcage	0	Objects/Decor0.png	3	13
old skull	0	Objects/Decor0.png	2	12
olog hai	0	Characters/Humanoid0.png	4	7
olog hai	1	Characters/Humanoid1.png	4	7
opal ring	0	Items/Ring.png	5	1
open barrel	0	Items/Chest1.png	0	1
open big chest	0	Items/Chest1.png	1	0
open big safe	0	Items/Chest1.png	4	0
open chest	0	Items/Chest1.png	0	0
open gold portcullis front	0	Objects/Door1.png	0	3
open gold portcullis side	0	Objects/Door1.png	1	3
open ice chest	0	Items/Chest1.png	6	0
open iron portcullis front	0	Objects/Door1.png	0	2
open iron portcullis side	0	Objects/Door1.png	1	2
open keg	0	Items/Chest1.png	1	1
open safe	0	Items/Chest1.png	3	0
open stone door front	0	Objects/Door1.png	0	1
open stone door side	0	Objects/Door1.png	1	1
open wooden door front	0	Objects/Door1.png	0	0
open wooden door side	0	Objects/Door1.png	1	0
opening bell	0	Items/Music.png	1	4
oracle	0	Characters/Humanoid0.png	0	22
oracle	1	Characters/Humanoid1.png	0	22
orange ore left right	0	Objects/Ore0.png	3	2
orange ore left right	1	Objects/Ore0.png	3	3
orange ore left	0	Objects/Ore0.png	1	2
orange ore left	1	Objects/Ore0.png	1	3
orange ore right	0	Objects/Ore0.png	2	2
orange ore right	1	Objects/Ore0.png	2	3
orange ore up	0	Objects/Ore0.png	0	2
orange ore up	1	Objects/Ore0.png	0	3
orange potion	0	Items/Potion.png	2	0
orange scroll	0	Items/Scroll.png	3	1
orange	0	Items/Food.png	1	2
orc barbarian	0	Characters/Player0.png	5	12
orc barbarian	1	Characters/Player1.png	5	12
orc king	0	Characters/Humanoid0.png	5	4
orc king	1	Characters/Humanoid1.png	5	4
orc knight	0	Characters/Player0.png	1	12
orc knight	1	Characters/Player1.png	1	12
orc marine	0	Characters/Player0.png	7	12
orc marine	1	Characters/Player1.png	7	12
orc monk	0	Characters/Player0.png	3	12
orc monk	1	Characters/Player1.png	3	12
orc mummy	0	Characters/Undead0.png	2	1
orc mummy	1	Characters/Undead1.png	2	1
orc rogue	0	Characters/Player0.png	4	12
orc rogue	1	Characters/Player1.png	4	12
orc samurai	0	Characters/Player0.png	2	12
orc samurai	1	Characters/Player1.png	2	12
orc shaman	0	Characters/Humanoid0.png	4	4
orc shaman	1	Characters/Humanoid1.png	4	4
orc wizard	0	Characters/Player0.png	6	12
orc wizard	1	Characters/Player1.png	6	12
orc zombie	0	Characters/Undead0.png	2	0
orc zombie	1	Characters/Undead1.png	2	0
orc	0	Characters/Humanoid0.png	0	4
orc	1	Characters/Humanoid1.png	0	4
orcish dagger	0	Items/ShortWep.png	2	0
orcish helm	0	Items/Hat.png	1	0
orcish shield	0	Items/Shield.png	3	0
orcish short sword	0	Items/MedWep.png	2	0
orcish spear	0	Items/LongWep.png	1	0
orcus	0	Characters/Demon0.png	6	0
orcus	1	Characters/Demon1.png	6	0
order tome	0	Items/Book.png	0	4
ordinary dwarf	0	Characters/Player0.png	0	11
ordinary dwarf	1	Characters/Player1.png	0	11
ordinary goblin	0	Characters/Player0.png	0	13
ordinary goblin	1	Characters/Player1.png	0	13
ordinary human	0	Characters/Player0.png	0	0
ordinary human	1	Characters/Player1.png	0	0
ordinary kobold	0	Characters/Player0.png	0	14
ordinary kobold	1	Characters/Player1.png	0	14
ordinary orc	0	Characters/Player0.png	0	12
ordinary orc	1	Characters/Player1.png	0	12
ordinary woman	0	Characters/Player0.png	0	5
ordinary woman	1	Characters/Player1.png	0	5
orion	0	Characters/Player0.png	2	7
orion	1	Characters/Player1.png	2	7
ornate bottle	0	Objects/Decor0.png	4	3
ornate candelabra	0	Objects/Decor0.png	3	8
ornate candelabra	1	Objects/Decor1.png	3	8
ornate candle	0	Objects/Decor0.png	2	8
ornate candle	1	Objects/Decor1.png	2	8
ornate pot	0	Objects/Decor0.png	5	3
osprey	0	Characters/Avian0.png	1	2
osprey	1	Characters/Avian1.png	1	2
ostrich	0	Characters/Avian0.png	1	7
ostrich	1	Characters/Avian1.png	1	7
owlbear	0	Characters/Misc0.png	3	0
owlbear	1	Characters/Misc1.png	3	0
palace	0	Objects/Map0.png	9	13
palm dense	0	Objects/Tree0.png	7	28
palm ne se	0	Objects/Tree0.png	8	28
palm ne sw se	0	Objects/Tree0.png	8	29
palm ne sw	0	Objects/Tree0.png	11	29
palm ne	0	Objects/Tree0.png	10	28
palm nw ne se	0	Objects/Tree0.png	8	27
palm nw ne sw se	0	Objects/Tree0.png	9	27
palm nw ne sw	0	Objects/Tree0.png	6	27
palm nw ne	0	Objects/Tree0.png	7	27
palm nw se	0	Objects/Tree0.png	10	29
palm nw sw se	0	Objects/Tree0.png	6	29
palm nw sw	0	Objects/Tree0.png	6	28
palm nw	0	Objects/Tree0.png	11	28
palm se	0	Objects/Tree0.png	10	27
palm sw se	0	Objects/Tree0.png	7	29
palm sw	0	Objects/Tree0.png	11	27
pamphlet	0	Items/Book.png	6	4
pancake	0	Items/Food.png	4	5
panther	0	Characters/Cat0.png	2	0
panther	1	Characters/Cat1.png	2	0
paper golem	0	Characters/Elemental0.png	1	0
paper golem	1	Characters/Elemental1.png	1	0
paperback book	0	Items/Book.png	1	0
parakeet	0	Characters/Avian0.png	5	5
parakeet	1	Characters/Avian1.png	5	5
parasite	0	Items/Flesh.png	2	8
peace marker	0	GUI/GUI0.png	1	5
peace marker	1	GUI/GUI1.png	1	5
peacock	0	Characters/Avian0.png	5	8
peacock	1	Characters/Avian1.png	5	8
peahen	0	Characters/Avian0.png	4	8
peahen	1	Characters/Avian1.png	4	8
pear	0	Items/Food.png	2	2
pearl necklace	0	Items/Amulet.png	0	1
pearl ring	0	Items/Ring.png	6	1
pearly ore left right	0	Objects/Ore0.png	8	3
pearly ore left right	1	Objects/Ore1.png	8	3
pearly ore left	0	Objects/Ore0.png	6	3
pearly ore left	1	Objects/Ore1.png	6	3
pearly ore right	0	Objects/Ore0.png	7	3
pearly ore right	1	Objects/Ore1.png	7	3
pearly ore up	0	Objects/Ore0.png	5	3
pearly ore up	1	Objects/Ore1.png	5	3
peasant man	0	Characters/Humanoid0.png	0	9
peasant man	1	Characters/Humanoid1.png	0	9
peasant robes	0	Items/Armor.png	1	7
peasant woman	0	Characters/Humanoid0.png	1	9
peasant woman	1	Characters/Humanoid1.png	1	9
pebble	0	Items/Rock.png	1	1
pedestal	0	Objects/Decor0.png	2	20
pegasus	0	Characters/Misc0.png	5	0
pegasus	1	Characters/Misc1.png	5	0
pelias	0	Characters/Player0.png	4	8
pelias	1	Characters/Player1.png	4	8
pelican	0	Characters/Avian0.png	5	3
pelican	1	Characters/Avian1.png	5	3
penguin	0	Characters/Avian0.png	3	3
penguin	1	Characters/Avian1.png	3	3
perforated wand	0	Items/Wand.png	2	4
pestilence	0	Characters/Undead0.png	1	5
pestilence	1	Characters/Undead1.png	1	5
pet marker	0	GUI/GUI0.png	2	5
pet marker	1	GUI/GUI1.png	2	5
pew down	0	Objects/Decor0.png	5	10
pew horizontal	0	Objects/Decor0.png	1	10
pew left	0	Objects/Decor0.png	0	10
pew right	0	Objects/Decor0.png	2	10
pew up	0	Objects/Decor0.png	3	10
pew vertical	0	Objects/Decor0.png	4	10
phase spider	0	Characters/Pest0.png	0	9
phase spider	1	Characters/Pest1.png	0	9
phoenix	0	Characters/Avian0.png	3	2
phoenix	1	Characters/Avian1.png	3	2
pick axe	0	Items/ShortWep.png	1	3
pig	0	Characters/Quadraped0.png	1	0
pig	1	Characters/Quadraped1.png	1	0
pile of copper coins	0	Items/Money.png	0	0
pile of gold coins	0	Items/Money.png	0	1
pile of silver coins	0	Items/Money.png	3	1
pile of stone coins	0	Items/Money.png	3	0
pile of stones	0	Items/Rock.png	3	1
pine wand	0	Items/Wand.png	4	0
pink ore left right	0	Objects/Ore0.png	8	6
pink ore left right	1	Objects/Ore1.png	8	6
pink ore left	0	Objects/Ore0.png	6	6
pink ore left	1	Objects/Ore1.png	6	6
pink ore right	0	Objects/Ore0.png	7	6
pink ore right	1	Objects/Ore1.png	7	6
pink ore up	0	Objects/Ore0.png	5	6
pink ore up	1	Objects/Ore1.png	5	6
pink potion	0	Items/Potion.png	1	0
piranha	0	Characters/Aquatic0.png	4	0
piranha	1	Characters/Aquatic1.png	4	0
pistol	0	Items/Ammo.png	0	4
pit fiend	0	Characters/Demon0.png	2	1
pit fiend	1	Characters/Demon1.png	2	1
pit tile	0	Objects/Trap0.png	2	2
pit viper	0	Characters/Reptile0.png	4	4
pit viper	1	Characters/Reptile1.png	4	4
plague skeleton	0	Characters/Undead0.png	2	2
plague skeleton	1	Characters/Undead1.png	2	2
plain ring	0	Items/Ring.png	2	3
plains centaur	0	Characters/Humanoid0.png	1	13
plains centaur	1	Characters/Humanoid1.png	1	13
plains chickabay	0	Characters/Avian0.png	1	0
plains chickabay	1	Characters/Avian1.png	1	0
platino	0	Characters/Reptile0.png	3	12
platino	1	Characters/Reptile1.png	3	12
platinum wand	0	Items/Wand.png	4	1
platypus	0	Characters/Aquatic0.png	2	4
platypus	1	Characters/Aquatic1.png	2	4
plumed helm	0	Items/Hat.png	2	0
plus tile	0	Objects/Tile.png	6	2
pocket wand	0	Items/Wand.png	7	5
pointer e	0	GUI/GUI0.png	5	2
pointer n	0	GUI/GUI0.png	5	1
pointer s	0	GUI/GUI0.png	5	3
pointer w	0	GUI/GUI0.png	5	4
poison beam h	0	Objects/Effect0.png	1	19
poison beam h	1	Objects/Effect1.png	1	19
poison beam l	0	Objects/Effect0.png	2	19
poison beam l	1	Objects/Effect1.png	2	19
poison beam r	0	Objects/Effect0.png	3	19
poison beam r	1	Objects/Effect1.png	3	19
poison beam v	0	Objects/Effect0.png	0	19
poison beam v	1	Objects/Effect1.png	0	19
poison bomb	0	Items/Ammo.png	1	5
poison tome	0	Items/Book.png	6	1
pole cleaver	0	Items/LongWep.png	4	2
pole sickle	0	Items/LongWep.png	0	3
polished silver shield	0	Items/Shield.png	6	0
political treatise	0	Items/Book.png	7	2
polymorph trap tile	0	Objects/Trap0.png	1	2
pot	0	Objects/Decor0.png	1	3
potted plants	0	Objects/Ground0.png	7	3
potted seedlings	0	Objects/Ground0.png	6	3
prayer beads	0	Items/Tool.png	1	2
priest	0	Characters/Player0.png	0	1
priest	1	Characters/Player1.png	0	1
priestess	0	Characters/Player0.png	1	5
priestess	1	Characters/Player1.png	1	5
princely crown	0	Items/Hat.png	1	3
prism	0	Items/Money.png	3	3
prisoner outfit	0	Items/Armor.png	6	7
prisoner	0	Characters/Humanoid0.png	7	2
prisoner	1	Characters/Humanoid1.png	7	2
pronged polearm	0	Items/LongWep.png	3	3
pruning hook	0	Items/LongWep.png	1	3
pub sign	0	Objects/Decor0.png	5	6
puce potion	0	Items/Potion.png	3	1
puffball fungus	0	Items/Food.png	3	1
puffin	0	Characters/Avian0.png	1	4
puffin	1	Characters/Avian1.png	1	4
puma kitten	0	Characters/Cat0.png	0	1
puma kitten	1	Characters/Cat1.png	0	1
puma	0	Characters/Cat0.png	1	1
puma	1	Characters/Cat1.png	1	1
pumpkin	0	Items/Food.png	3	2
purple red potion	0	Items/Potion.png	2	1
purple worm	0	Characters/Pest0.png	4	3
purple worm	1	Characters/Pest1.png	4	3
pyrolisk	0	Characters/Reptile0.png	3	7
pyrolisk	1	Characters/Reptile1.png	3	7
python	0	Characters/Reptile0.png	2	4
python	1	Characters/Reptile1.png	2	4
quantum mechanic	0	Characters/Humanoid0.png	0	15
quantum mechanic	1	Characters/Humanoid1.png	0	15
quarterstaff	0	Items/LongWep.png	2	4
quasit	0	Characters/Demon0.png	1	5
quasit	1	Characters/Demon1.png	1	5
queen bee	0	Characters/Pest0.png	3	1
queen bee	1	Characters/Pest1.png	3	1
quest leader a	0	Characters/Humanoid0.png	0	12
quest leader a	1	Characters/Humanoid1.png	0	12
quest leader b	0	Characters/Humanoid0.png	1	12
quest leader b	1	Characters/Humanoid1.png	1	12
quest leader c	0	Characters/Humanoid0.png	2	12
quest leader c	1	Characters/Humanoid1.png	2	12
quest leader d	0	Characters/Humanoid0.png	3	12
quest leader d	1	Characters/Humanoid1.png	3	12
question a	0	GUI/GUI0.png	0	0
question a	1	GUI/GUI1.png	0	0
question b	0	GUI/GUI0.png	1	0
question b	1	GUI/GUI1.png	1	0
question c	0	GUI/GUI0.png	2	0
question c	1	GUI/GUI1.png	2	0
question d	0	GUI/GUI0.png	3	0
question d	1	GUI/GUI1.png	3	0
question e	0	GUI/GUI0.png	4	0
question e	1	GUI/GUI1.png	4	0
question f	0	GUI/GUI0.png	5	0
question f	1	GUI/GUI1.png	5	0
quiet boots	0	Items/Boot.png	6	0
quivering blob	0	Characters/Slime0.png	1	2
quivering blob	1	Characters/Slime1.png	1	2
rabbit	0	Characters/Rodent0.png	2	0
rabbit	1	Characters/Rodent1.png	2	0
rabid jackal	0	Characters/Dog0.png	4	0
rabid jackal	1	Characters/Dog1.png	4	0
rabid rat	0	Characters/Rodent0.png	2	1
rabid rat	1	Characters/Rodent1.png	2	1
rabid wolf	0	Characters/Dog0.png	4	1
rabid wolf	1	Characters/Dog1.png	4	1
radiant potion	0	Items/Potion.png	3	3
radish	0	Items/Food.png	1	3
raging bull	0	Characters/Quadraped0.png	4	1
raging bull	1	Characters/Quadraped1.png	4	1
rain jacket	0	Items/Armor.png	3	4
rambling screed	0	Items/Book.png	7	5
ranger	0	Characters/Player0.png	2	0
ranger	1	Characters/Player1.png	2	0
ratzilla	0	Characters/Misc0.png	1	0
ratzilla	1	Characters/Misc1.png	1	0
raw crystal ore	0	Items/Money.png	1	4
raw fish	0	Items/Flesh.png	7	2
recipe book	0	Items/Book.png	0	3
red bill	0	Items/Money.png	7	1
red black c	0	GUI/GUI0.png	2	8
red black e	0	GUI/GUI0.png	3	8
red black n	0	GUI/GUI0.png	2	7
red black ne	0	GUI/GUI0.png	3	7
red black nw	0	GUI/GUI0.png	1	7
red black s	0	GUI/GUI0.png	2	9
red black se	0	GUI/GUI0.png	3	9
red black square	0	GUI/GUI0.png	0	7
red black sw	0	GUI/GUI0.png	1	9
red black w	0	GUI/GUI0.png	1	8
red cap mushroom	0	Items/Food.png	0	0
red carpet c	0	Objects/Decor0.png	1	15
red carpet e	0	Objects/Decor0.png	2	15
red carpet n	0	Objects/Decor0.png	1	14
red carpet ne	0	Objects/Decor0.png	2	14
red carpet nw	0	Objects/Decor0.png	0	14
red carpet s	0	Objects/Decor0.png	1	16
red carpet se	0	Objects/Decor0.png	2	16
red carpet sw	0	Objects/Decor0.png	0	16
red carpet w	0	Objects/Decor0.png	0	15
red dress	0	Items/Armor.png	7	7
red flowers	0	Objects/Ground0.png	6	2
red green c	0	GUI/GUI0.png	6	14
red green e	0	GUI/GUI0.png	7	14
red green n	0	GUI/GUI0.png	6	13
red green ne	0	GUI/GUI0.png	7	13
red green nw	0	GUI/GUI0.png	5	13
red green s	0	GUI/GUI0.png	6	15
red green se	0	GUI/GUI0.png	7	15
red green square	0	GUI/GUI0.png	4	13
red green sw	0	GUI/GUI0.png	5	15
red green w	0	GUI/GUI0.png	5	14
red heart full	0	GUI/GUI0.png	0	1
red heart full	1	GUI/GUI1.png	0	1
red heart half	0	GUI/GUI0.png	1	1
red heart half	1	GUI/GUI1.png	1	1
red heart low	0	GUI/GUI0.png	2	1
red heart low	1	GUI/GUI1.png	2	1
red heart sliver	0	GUI/GUI0.png	3	1
red heart sliver	1	GUI/GUI1.png	3	1
red liquid drizzle	0	Objects/Ground0.png	1	5
red liquid spatter	0	Objects/Ground0.png	0	5
red mold	0	Characters/Slime0.png	4	0
red mold	1	Characters/Slime1.png	4	0
red naga	0	Characters/Reptile0.png	1	5
red naga	1	Characters/Reptile1.png	1	5
red ore left right	0	Objects/Ore0.png	3	1
red ore left right	1	Objects/Ore0.png	3	2
red ore left	0	Objects/Ore0.png	1	1
red ore left	1	Objects/Ore0.png	1	2
red ore right	0	Objects/Ore0.png	2	1
red ore right	1	Objects/Ore0.png	2	2
red ore up	0	Objects/Ore0.png	0	1
red ore up	1	Objects/Ore0.png	0	2
red peak alone	0	Objects/Hill0.png	3	3
red peak c	0	Objects/Hill0.png	1	4
red peak e	0	Objects/Hill0.png	2	4
red peak n	0	Objects/Hill0.png	1	3
red peak ne	0	Objects/Hill0.png	2	3
red peak nw	0	Objects/Hill0.png	0	3
red peak s	0	Objects/Hill0.png	1	5
red peak se	0	Objects/Hill0.png	2	5
red peak sw	0	Objects/Hill0.png	0	5
red peak w	0	Objects/Hill0.png	0	4
red pool	0	Objects/Ground0.png	0	6
red puddle	0	Objects/Ground0.png	1	6
red scroll	0	Items/Scroll.png	2	1
red snapper	0	Characters/Aquatic0.png	1	0
red snapper	1	Characters/Aquatic1.png	1	0
red snowcap alone	0	Objects/Hill0.png	3	9
red snowcap c	0	Objects/Hill0.png	1	10
red snowcap e	0	Objects/Hill0.png	2	10
red snowcap n	0	Objects/Hill0.png	1	9
red snowcap ne	0	Objects/Hill0.png	2	9
red snowcap nw	0	Objects/Hill0.png	0	9
red snowcap s	0	Objects/Hill0.png	1	11
red snowcap se	0	Objects/Hill0.png	2	11
red snowcap sw	0	Objects/Hill0.png	0	11
red snowcap w	0	Objects/Hill0.png	0	10
red squirrel	0	Characters/Rodent0.png	0	0
red squirrel	1	Characters/Rodent1.png	0	0
red volcano alone	0	Objects/Hill0.png	3	15
red volcano alone	1	Objects/Hill1.png	3	15
red volcano c	0	Objects/Hill0.png	1	16
red volcano c	1	Objects/Hill1.png	1	16
red volcano e	0	Objects/Hill0.png	2	16
red volcano e	1	Objects/Hill1.png	2	16
red volcano n	0	Objects/Hill0.png	1	15
red volcano n	1	Objects/Hill1.png	1	15
red volcano ne	0	Objects/Hill0.png	2	15
red volcano ne	1	Objects/Hill1.png	2	15
red volcano nw	0	Objects/Hill0.png	0	15
red volcano nw	1	Objects/Hill1.png	0	15
red volcano s	0	Objects/Hill0.png	1	17
red volcano s	1	Objects/Hill1.png	1	17
red volcano se	0	Objects/Hill0.png	2	17
red volcano se	1	Objects/Hill1.png	2	17
red volcano sw	0	Objects/Hill0.png	0	17
red volcano sw	1	Objects/Hill1.png	0	17
red volcano w	0	Objects/Hill0.png	0	16
red volcano w	1	Objects/Hill1.png	0	16
redwood wand	0	Items/Wand.png	5	4
restaurant sign	0	Objects/Decor0.png	1	6
ribcage	0	Objects/Decor0.png	1	13
rifle	0	Items/Ammo.png	1	4
right weapon rest empty	0	Objects/Decor0.png	4	11
right weapon rest full	0	Objects/Decor0.png	5	11
ripe corn stalk	0	Objects/Ground0.png	5	4
ripe fruit tree	0	Objects/Ground0.png	3	4
ripe herb cluster	0	Objects/Ground0.png	1	4
ripe leafy vegetable	0	Objects/Ground0.png	1	3
ripe root vegetable	0	Objects/Ground0.png	5	3
ripe vine vegetable	0	Objects/Ground0.png	3	3
river dolphin	0	Characters/Aquatic0.png	5	1
river dolphin	1	Characters/Aquatic1.png	5	1
river nymph	0	Characters/Aquatic0.png	1	3
river nymph	1	Characters/Aquatic1.png	1	3
river spirit	0	Characters/Humanoid0.png	1	24
river spirit	1	Characters/Humanoid1.png	1	24
robert the lifer	0	Characters/Player0.png	7	8
robert the lifer	1	Characters/Player1.png	7	8
robin	0	Characters/Avian0.png	7	1
robin	1	Characters/Avian1.png	7	1
rock mole	0	Characters/Rodent0.png	2	2
rock mole	1	Characters/Rodent1.png	2	2
rock piercer	0	Characters/Elemental0.png	0	6
rock piercer	1	Characters/Elemental1.png	0	6
rock troll	0	Characters/Humanoid0.png	2	7
rock troll	1	Characters/Humanoid1.png	2	7
rock	0	Items/Rock.png	3	0
rocky trail down left right	0	Objects/Map0.png	4	6
rocky trail down left	0	Objects/Map0.png	2	6
rocky trail down right	0	Objects/Map0.png	0	6
rocky trail left right	0	Objects/Map0.png	1	6
rocky trail up down left right	0	Objects/Map0.png	4	7
rocky trail up down left	0	Objects/Map0.png	3	7
rocky trail up down right	0	Objects/Map0.png	5	7
rocky trail up down	0	Objects/Map0.png	0	7
rocky trail up left right	0	Objects/Map0.png	4	8
rocky trail up left	0	Objects/Map0.png	2	8
rocky trail up right	0	Objects/Map0.png	0	8
rodent of unusual size	0	Characters/Misc0.png	0	0
rodent of unusual size	1	Characters/Misc1.png	0	0
rolling boulder trap tile	0	Objects/Trap0.png	6	0
rooster	0	Characters/Avian0.png	2	8
rooster	1	Characters/Avian1.png	2	8
rope golem	0	Characters/Elemental0.png	3	0
rope golem	1	Characters/Elemental1.png	3	0
rope h	0	Objects/Effect0.png	1	20
rope h	1	Objects/Effect1.png	1	20
rope l	0	Objects/Effect0.png	2	20
rope l	1	Objects/Effect1.png	2	20
rope r	0	Objects/Effect0.png	3	20
rope r	1	Objects/Effect1.png	3	20
rope v	0	Objects/Effect0.png	0	20
rope v	1	Objects/Effect1.png	0	20
rope	0	Items/Tool.png	2	2
royal outfit	0	Items/Armor.png	0	5
rubber hose	0	Items/LongWep.png	0	5
ruby pendant	0	Items/Amulet.png	3	0
ruby potion	0	Items/Potion.png	0	0
ruby ring	0	Items/Ring.png	0	2
runed wand	0	Items/Wand.png	5	2
runesword	0	Items/LongWep.png	5	1
rust monster	0	Characters/Rodent0.png	1	2
rust monster	1	Characters/Rodent1.png	1	2
rust trap tile	0	Objects/Trap0.png	0	1
rusted wand	0	Items/Wand.png	2	5
sacred cyan scroll	0	Items/Scroll.png	7	4
sacred gray scroll	0	Items/Scroll.png	6	4
sacrificial candelabra	0	Objects/Decor0.png	7	8
sacrificial candelabra	1	Objects/Decor1.png	7	8
sacrificial candle	0	Objects/Decor0.png	6	8
sacrificial candle	1	Objects/Decor1.png	6	8
saddle mushroom	0	Items/Food.png	2	1
saddle	0	Items/Tool.png	5	0
salamander	0	Characters/Reptile0.png	2	11
salamander	1	Characters/Reptile1.png	2	11
samurai	0	Characters/Player0.png	2	1
samurai	1	Characters/Player1.png	2	1
sand puff	0	Characters/Humanoid0.png	1	25
sand puff	1	Characters/Humanoid1.png	1	25
sand trail down left right	0	Objects/Map0.png	4	0
sand trail down left	0	Objects/Map0.png	2	0
sand trail down right	0	Objects/Map0.png	0	0
sand trail left right	0	Objects/Map0.png	1	0
sand trail up down left right	0	Objects/Map0.png	4	1
sand trail up down left	0	Objects/Map0.png	3	1
sand trail up down right	0	Objects/Map0.png	5	1
sand trail up down	0	Objects/Map0.png	0	1
sand trail up left right	0	Objects/Map0.png	4	2
sand trail up left	0	Objects/Map0.png	2	2
sand trail up right	0	Objects/Map0.png	0	2
sanddrake armor	0	Items/Armor.png	6	0
sanddrake scales	0	Items/Armor.png	6	2
sanddrake	0	Characters/Reptile0.png	5	1
sanddrake	1	Characters/Reptile1.png	5	1
sandestin	0	Characters/Demon0.png	0	1
sandestin	1	Characters/Demon1.png	0	1
sanguine potion	0	Items/Potion.png	6	4
sapphire pendant	0	Items/Amulet.png	7	0
sapphire ring	0	Items/Ring.png	7	1
satyr	0	Characters/Humanoid0.png	0	13
satyr	1	Characters/Humanoid1.png	0	13
scale armor	0	Items/Armor.png	3	6
scalpel	0	Items/ShortWep.png	5	0
scimitar	0	Items/MedWep.png	4	0
scorpion	0	Characters/Pest0.png	3	2
scorpion	1	Characters/Pest1.png	3	2
scorpius	0	Characters/Pest0.png	5	2
scorpius	1	Characters/Pest1.png	5	2
scythe	0	Items/LongWep.png	3	4
sea nymph	0	Characters/Aquatic0.png	0	3
sea nymph	1	Characters/Aquatic1.png	0	3
sea tiger	0	Characters/Aquatic0.png	1	4
sea tiger	1	Characters/Aquatic1.png	1	4
seagull	0	Characters/Avian0.png	3	6
seagull	1	Characters/Avian1.png	3	6
sealed potion	0	Items/Potion.png	4	4
searwyrm	0	Characters/Reptile0.png	3	3
searwyrm	1	Characters/Reptile1.png	3	3
self help book	0	Items/Book.png	4	2
sensei	0	Characters/Player0.png	7	3
sensei	1	Characters/Player1.png	7	3
sergeant	0	Characters/Humanoid0.png	1	5
sergeant	1	Characters/Humanoid1.png	1	5
serpent	0	Characters/Reptile0.png	7	4
serpent	1	Characters/Reptile1.png	7	4
sewer rat	0	Characters/Rodent0.png	0	1
sewer rat	1	Characters/Rodent1.png	0	1
sewing needle	0	Items/Tool.png	3	2
shade	0	Characters/Undead0.png	3	4
shade	1	Characters/Undead1.png	3	4
shadow skeleton	0	Characters/Undead0.png	3	2
shadow skeleton	1	Characters/Undead1.png	3	2
shallow water tile	0	Objects/Tile.png	2	0
shaman karnov	0	Characters/Player0.png	5	8
shaman karnov	1	Characters/Player1.png	5	8
shards a	0	Objects/Decor0.png	6	3
shards b	0	Objects/Decor0.png	7	3
sheenwyrm armor	0	Items/Armor.png	3	1
sheenwyrm scales	0	Items/Armor.png	3	3
sheenwyrm	0	Characters/Reptile0.png	7	2
sheenwyrm	1	Characters/Reptile1.png	7	2
shelob	0	Characters/Pest0.png	2	2
shelob	1	Characters/Pest1.png	2	2
shimmering tome	0	Items/Book.png	2	6
shining arrow	0	Items/Ammo.png	3	2
shining bow	0	Items/Ammo.png	3	1
shiny ring	0	Items/Ring.png	6	3
shock beam h	0	Objects/Effect0.png	1	17
shock beam h	1	Objects/Effect1.png	1	17
shock beam l	0	Objects/Effect0.png	2	17
shock beam l	1	Objects/Effect1.png	2	17
shock beam r	0	Objects/Effect0.png	3	17
shock beam r	1	Objects/Effect1.png	3	17
shock beam v	0	Objects/Effect0.png	0	17
shock beam v	1	Objects/Effect1.png	0	17
shockfrost mail	0	Items/Armor.png	0	8
shocking sphere	0	Characters/Elemental0.png	3	4
shocking sphere	1	Characters/Elemental1.png	3	4
shopkeeper	0	Characters/Humanoid0.png	4	2
shopkeeper	1	Characters/Humanoid1.png	4	2
short sword	0	Items/MedWep.png	0	0
short wand	0	Items/Wand.png	4	2
shortbow	0	Items/Ammo.png	2	1
shrieker	0	Characters/Plant0.png	0	7
shrieker	1	Characters/Plant1.png	0	7
shuriken	0	Items/Ammo.png	1	3
sightseer	0	Characters/Player0.png	6	4
sightseer	1	Characters/Player1.png	6	4
sign a	0	Objects/Decor0.png	0	5
sign b	0	Objects/Decor0.png	1	5
sign c	0	Objects/Decor0.png	2	5
silver arrow	0	Items/Ammo.png	0	2
silver bullets	0	Items/Ammo.png	0	0
silver coin	0	Items/Money.png	5	1
silver dagger	0	Items/ShortWep.png	3	0
silver pellets	0	Items/Ammo.png	4	0
silver ring	0	Items/Ring.png	0	3
silver saber	0	Items/ShortWep.png	1	1
silver spear	0	Items/LongWep.png	4	0
silver wand	0	Items/Wand.png	3	1
silvery metal stone	0	Items/Rock.png	2	0
silvery ore left right	0	Objects/Ore0.png	8	2
silvery ore left right	1	Objects/Ore0.png	8	3
silvery ore left	0	Objects/Ore0.png	6	2
silvery ore left	1	Objects/Ore0.png	6	3
silvery ore right	0	Objects/Ore0.png	7	2
silvery ore right	1	Objects/Ore0.png	7	3
silvery ore up	0	Objects/Ore0.png	5	2
silvery ore up	1	Objects/Ore0.png	5	3
single edged polearm	0	Items/LongWep.png	3	2
sinister potion	0	Items/Potion.png	7	4
skeleton	0	Characters/Undead0.png	0	2
skeleton	1	Characters/Undead1.png	0	2
skull	0	Objects/Decor0.png	0	12
sky blue potion	0	Items/Potion.png	7	0
sky tile	0	Objects/Tile.png	7	0
slayer	0	Characters/Player0.png	5	0
slayer	1	Characters/Player1.png	5	0
slaying guide	0	Items/Book.png	3	3
sleep beam h	0	Objects/Effect0.png	5	16
sleep beam h	1	Objects/Effect1.png	5	16
sleep beam l	0	Objects/Effect0.png	6	16
sleep beam l	1	Objects/Effect1.png	6	16
sleep beam r	0	Objects/Effect0.png	7	16
sleep beam r	1	Objects/Effect1.png	7	16
sleep beam v	0	Objects/Effect0.png	4	16
sleep beam v	1	Objects/Effect1.png	4	16
sleeping bag a	0	Objects/Decor0.png	4	9
sleeping bag b	0	Objects/Decor0.png	5	9
sleeping gas trap tile	0	Objects/Trap0.png	7	0
slicing saw	0	Objects/Trap0.png	5	3
slicing saw	1	Objects/Trap1.png	5	3
slime mold	0	Items/Food.png	5	2
slimy mushroom	0	Items/Food.png	4	0
sling	0	Items/Ammo.png	4	1
sloshing potion	0	Items/Potion.png	3	4
small bullets	0	Items/Ammo.png	3	0
small hallucination	0	Characters/Misc0.png	3	5
small hallucination	1	Characters/Misc1.png	3	5
small ladder down	0	Objects/Tile.png	5	1
small ladder up	0	Objects/Tile.png	4	1
small meathead	0	Characters/Undead0.png	1	9
small meathead	1	Characters/Undead1.png	1	9
small mimic	0	Characters/Elemental0.png	0	7
small mimic	1	Characters/Elemental1.png	0	7
small pellets	0	Items/Ammo.png	7	0
small rotting plant	0	Objects/Ground0.png	6	4
small shield	0	Items/Shield.png	0	0
small stairs down	0	Objects/Tile.png	1	1
small stairs up	0	Objects/Tile.png	0	1
smelly potion	0	Items/Potion.png	5	3
smithy sign	0	Objects/Decor0.png	3	6
smoke cloud	0	Objects/Effect0.png	3	24
smoke cloud	1	Objects/Effect1.png	3	24
smoke down	0	Objects/Decor0.png	1	2
smoke left	0	Objects/Decor0.png	2	2
smoke right	0	Objects/Decor0.png	3	2
smoke up	0	Objects/Decor0.png	0	2
smoking pipe	0	Items/Tool.png	7	1
smoky potion	0	Items/Potion.png	7	1
smudged tinfoil hat	0	Items/Money.png	0	7
snake	0	Characters/Reptile0.png	1	4
snake	1	Characters/Reptile1.png	1	4
snakefish	0	Characters/Aquatic0.png	0	2
snakefish	1	Characters/Aquatic1.png	0	2
snout	0	Items/Flesh.png	0	3
snow ant	0	Characters/Pest0.png	3	4
snow ant	1	Characters/Pest1.png	3	4
snow golem	0	Characters/Elemental0.png	4	1
snow golem	1	Characters/Elemental1.png	4	1
snow griffon	0	Characters/Avian0.png	3	9
snow griffon	1	Characters/Avian1.png	3	9
snow puff	0	Characters/Humanoid0.png	0	25
snow puff	1	Characters/Humanoid1.png	0	25
snowcap effect	0	Objects/Hill0.png	3	7
snowy owl	0	Characters/Avian0.png	3	10
snowy owl	1	Characters/Avian1.png	3	10
snowy owlbear	0	Characters/Misc0.png	2	0
snowy owlbear	1	Characters/Misc1.png	2	0
soldier ant	0	Characters/Pest0.png	1	4
soldier ant	1	Characters/Pest1.png	1	4
soldier	0	Characters/Humanoid0.png	0	5
soldier	1	Characters/Humanoid1.png	0	5
spark bug	0	Characters/Pest0.png	0	8
spark bug	1	Characters/Pest1.png	0	8
sparkly potion	0	Items/Potion.png	2	3
sparks a	0	Objects/Decor0.png	4	2
sparks b	0	Objects/Decor0.png	5	2
sparks c	0	Objects/Decor0.png	6	2
sparks d	0	Objects/Decor0.png	7	2
sparse blue flowers	0	Objects/Ground0.png	3	2
sparse bookshelves	0	Objects/Decor0.png	6	4
sparse brown pebbles	0	Objects/Ground0.png	7	0
sparse brown rocks	0	Objects/Ground0.png	7	1
sparse dry grass	0	Objects/Ground0.png	3	0
sparse dry scrub	0	Objects/Ground0.png	3	1
sparse gold flowers	0	Objects/Ground0.png	5	2
sparse gray pebbles	0	Objects/Ground0.png	5	0
sparse gray rocks	0	Objects/Ground0.png	5	1
sparse green grass	0	Objects/Ground0.png	1	0
sparse green scrub	0	Objects/Ground0.png	1	1
sparse red flowers	0	Objects/Ground0.png	7	2
sparse shelves	0	Objects/Decor0.png	4	4
sparse white flowers	0	Objects/Ground0.png	1	2
spear	0	Items/LongWep.png	0	0
sphinx armor	0	Items/Armor.png	0	0
sphinx scales	0	Items/Armor.png	0	2
sphinx	0	Characters/Reptile0.png	1	0
sphinx	1	Characters/Reptile1.png	1	0
spidersilk cape	0	Items/Armor.png	2	5
spiked pit tile	0	Objects/Trap0.png	3	2
spiked wand	0	Items/Wand.png	1	3
spikes	0	Objects/Trap0.png	0	3
spiral notebook	0	Items/Book.png	6	6
spirit	0	Characters/Undead0.png	1	4
spirit	1	Characters/Undead1.png	1	4
spitting beetle	0	Characters/Pest0.png	0	10
spitting beetle	1	Characters/Pest1.png	0	10
spliced book	0	Items/Book.png	3	7
spoiled bodily fluid	0	Items/Flesh.png	5	6
spoiled brain	0	Items/Flesh.png	5	5
spoiled buns	0	Items/Flesh.png	6	6
spoiled connective tissue	0	Items/Flesh.png	4	5
spoiled corpse	0	Items/Flesh.png	0	4
spoiled ear	0	Items/Flesh.png	1	6
spoiled eyeball	0	Items/Flesh.png	3	5
spoiled fingers	0	Items/Flesh.png	1	5
spoiled gall bladder	0	Items/Flesh.png	2	6
spoiled heart	0	Items/Flesh.png	6	4
spoiled huge meat blob	0	Items/Flesh.png	3	4
spoiled kidney	0	Items/Flesh.png	3	6
spoiled liver	0	Items/Flesh.png	7	4
spoiled marbled cut of meat	0	Items/Flesh.png	0	5
spoiled meat book	0	Items/Flesh.png	5	4
spoiled meat ring	0	Items/Flesh.png	4	4
spoiled meat wand	0	Items/Flesh.png	2	4
spoiled meatball	0	Items/Flesh.png	1	4
spoiled raw fish	0	Items/Flesh.png	7	6
spoiled snout	0	Items/Flesh.png	0	3
spoiled stomach	0	Items/Flesh.png	0	6
spoiled strip of meat	0	Items/Flesh.png	2	7
spoiled tentacle	0	Items/Flesh.png	1	7
spoiled throat	0	Items/Flesh.png	4	6
spoiled toes	0	Items/Flesh.png	2	5
spooky board	0	Objects/Decor0.png	7	5
spooky sign	0	Objects/Decor0.png	3	5
spotted jelly	0	Characters/Slime0.png	1	3
spotted jelly	1	Characters/Slime1.png	1	3
spotted mushroom	0	Items/Food.png	1	1
spraying potion	0	Items/Potion.png	2	4
sprig of wolfsbane	0	Items/Food.png	2	3
spriggan	0	Characters/Misc0.png	4	0
spriggan	1	Characters/Misc1.png	4	0
squeaky ball	0	Items/Tool.png	0	2
squeaky board tile	0	Objects/Trap0.png	3	0
squid netsuke	0	Items/Amulet.png	1	1
stack of green bills	0	Items/Money.png	6	0
stack of red bills	0	Items/Money.png	6	1
stained book	0	Items/Book.png	4	0
staircase down left	0	Objects/Tile.png	6	3
staircase down right	0	Objects/Tile.png	7	3
staircase up left	0	Objects/Tile.png	5	3
staircase up right	0	Objects/Tile.png	4	3
stalker	0	Characters/Elemental0.png	0	3
stalker	1	Characters/Elemental1.png	0	3
statue trap tile	0	Objects/Trap0.png	5	1
statue	0	Objects/Decor0.png	3	20
stealth outfit	0	Items/Armor.png	1	5
steam cloud	0	Objects/Effect0.png	0	24
steam cloud	1	Objects/Effect1.png	0	24
steam vortex	0	Characters/Elemental0.png	4	2
steam vortex	1	Characters/Elemental1.png	4	2
steel ring	0	Items/Ring.png	3	0
steel wand	0	Items/Wand.png	2	2
stethoscope	0	Items/Tool.png	7	0
stiletto	0	Items/ShortWep.png	7	0
stomach	0	Items/Flesh.png	0	2
stone archway	0	Objects/Door0.png	0	5
stone chair left	0	Objects/Decor0.png	3	7
stone chair right	0	Objects/Decor0.png	5	7
stone clear pool center	0	Objects/Pit0.png	1	9
stone clear pool divider	0	Objects/Pit0.png	6	10
stone clear pool left down	0	Objects/Pit0.png	5	10
stone clear pool left right up	0	Objects/Pit0.png	4	10
stone clear pool left right	0	Objects/Pit0.png	4	11
stone clear pool left up	0	Objects/Pit0.png	0	10
stone clear pool left	0	Objects/Pit0.png	0	11
stone clear pool right down	0	Objects/Pit0.png	7	10
stone clear pool right up	0	Objects/Pit0.png	2	10
stone clear pool right	0	Objects/Pit0.png	2	11
stone clear pool up	0	Objects/Pit0.png	1	10
stone coin	0	Items/Money.png	5	0
stone door frame	0	Objects/Door0.png	6	1
stone fence down left right	0	Objects/Fence.png	4	3
stone fence down left	0	Objects/Fence.png	2	3
stone fence down right	0	Objects/Fence.png	0	3
stone fence left right	0	Objects/Fence.png	1	3
stone fence up down left right	0	Objects/Fence.png	4	4
stone fence up down left	0	Objects/Fence.png	3	4
stone fence up down right	0	Objects/Fence.png	5	4
stone fence up down	0	Objects/Fence.png	0	4
stone fence up left right	0	Objects/Fence.png	4	5
stone fence up left	0	Objects/Fence.png	2	5
stone fence up right	0	Objects/Fence.png	0	5
stone giant	0	Characters/Humanoid0.png	1	0
stone giant	1	Characters/Humanoid1.png	1	0
stone golem	0	Characters/Elemental0.png	1	1
stone golem	1	Characters/Elemental1.png	1	1
stone murky pool center	0	Objects/Pit0.png	1	15
stone murky pool divider	0	Objects/Pit0.png	6	16
stone murky pool left down	0	Objects/Pit0.png	5	16
stone murky pool left right up	0	Objects/Pit0.png	4	16
stone murky pool left right	0	Objects/Pit0.png	4	17
stone murky pool left up	0	Objects/Pit0.png	0	16
stone murky pool left	0	Objects/Pit0.png	0	17
stone murky pool right down	0	Objects/Pit0.png	7	16
stone murky pool right up	0	Objects/Pit0.png	2	16
stone murky pool right	0	Objects/Pit0.png	2	17
stone murky pool up	0	Objects/Pit0.png	1	16
stone pit center	0	GUI/GUI0.png	2	8
stone pit divider	0	Objects/Pit0.png	6	4
stone pit left down	0	Objects/Pit0.png	5	4
stone pit left right up	0	Objects/Pit0.png	4	4
stone pit left right	0	Objects/Pit0.png	4	5
stone pit left up	0	Objects/Pit0.png	0	4
stone pit left	0	Objects/Pit0.png	0	5
stone pit right down	0	Objects/Pit0.png	7	4
stone pit right up	0	Objects/Pit0.png	2	4
stone pit right	0	Objects/Pit0.png	2	5
stone pit up	0	Objects/Pit0.png	1	4
stone portal	0	Objects/Door0.png	1	5
stone portal	1	Objects/Door1.png	1	5
stone table	0	Objects/Decor0.png	4	7
stone toxic pool center	0	Objects/Pit0.png	1	21
stone toxic pool divider	0	Objects/Pit0.png	6	22
stone toxic pool left down	0	Objects/Pit0.png	5	22
stone toxic pool left right up	0	Objects/Pit0.png	4	22
stone toxic pool left right	0	Objects/Pit0.png	4	23
stone toxic pool left up	0	Objects/Pit0.png	0	22
stone toxic pool left	0	Objects/Pit0.png	0	23
stone toxic pool right down	0	Objects/Pit0.png	7	22
stone toxic pool right up	0	Objects/Pit0.png	2	22
stone toxic pool right	0	Objects/Pit0.png	2	23
stone toxic pool up	0	Objects/Pit0.png	1	22
stonefish	0	Characters/Aquatic0.png	2	0
stonefish	1	Characters/Aquatic1.png	2	0
storm giant	0	Characters/Humanoid0.png	5	0
storm giant	1	Characters/Humanoid1.png	5	0
stormwyrm armor	0	Items/Armor.png	7	0
stormwyrm scales	0	Items/Armor.png	7	2
storrmwyrm	0	Characters/Reptile0.png	7	1
storrmwyrm	1	Characters/Reptile1.png	7	1
strange object	0	Characters/Elemental0.png	0	8
strange object	1	Characters/Elemental1.png	0	8
straw golem	0	Characters/Elemental0.png	0	0
straw golem	1	Characters/Elemental1.png	0	0
strip of meat	0	Items/Flesh.png	2	3
strong black horse	0	Characters/Quadraped0.png	2	7
strong black horse	1	Characters/Quadraped1.png	2	7
strong brown horse	0	Characters/Quadraped0.png	3	5
strong brown horse	1	Characters/Quadraped1.png	3	5
strong gray horse	0	Characters/Quadraped0.png	2	6
strong gray horse	1	Characters/Quadraped1.png	2	6
stunned box	0	GUI/GUI0.png	12	4
stunned box	1	GUI/GUI1.png	12	4
succubus	0	Characters/Demon0.png	0	6
succubus	1	Characters/Demon1.png	0	6
surgical glove	0	Items/Glove.png	3	0
surtur	0	Characters/Humanoid0.png	2	1
surtur	1	Characters/Humanoid1.png	2	1
swamp fern spore	0	Characters/Plant0.png	2	5
swamp fern spore	1	Characters/Plant1.png	2	5
swamp fern sprout	0	Characters/Plant0.png	1	5
swamp fern sprout	1	Characters/Plant1.png	1	5
swamp fern	0	Characters/Plant0.png	0	5
swamp fern	1	Characters/Plant1.png	0	5
swan	0	Characters/Avian0.png	3	4
swan	1	Characters/Avian1.png	3	4
swirly potion	0	Items/Potion.png	5	1
swollen wand	0	Items/Wand.png	1	4
symbol black	0	Objects/Effect0.png	5	24
symbol black	1	Objects/Effect1.png	5	24
symbol blue	0	Objects/Effect0.png	7	24
symbol blue	1	Objects/Effect1.png	7	24
symbol red	0	Objects/Effect0.png	6	24
symbol red	1	Objects/Effect1.png	6	24
symbol white	0	Objects/Effect0.png	4	24
symbol white	1	Objects/Effect1.png	4	24
syrupy potion	0	Items/Potion.png	1	3
taiga chickabay	0	Characters/Avian0.png	5	0
taiga chickabay	1	Characters/Avian1.png	5	0
tailored shoes	0	Items/Boot.png	5	0
talk box	0	GUI/GUI0.png	10	1
tall book	0	Items/Book.png	4	5
tallow candle	0	Items/Light.png	0	0
tarnished crystal ore	0	Items/Money.png	1	7
teleportation trap tile	0	Objects/Trap0.png	2	1
tengu	0	Characters/Humanoid0.png	2	17
tengu	1	Characters/Humanoid1.png	2	17
tentacle	0	Items/Flesh.png	1	3
terrier	0	Characters/Dog0.png	1	4
terrier	1	Characters/Dog1.png	1	4
terror bird	0	Characters/Misc0.png	1	6
terror bird	1	Characters/Misc1.png	1	6
thick wand	0	Items/Wand.png	0	4
thief	0	Characters/Player0.png	3	3
thief	1	Characters/Player1.png	3	3
thorn	0	Items/Flesh.png	1	8
throat	0	Items/Flesh.png	4	2
throne	0	Objects/Decor0.png	6	7
thrush	0	Characters/Avian0.png	7	5
thrush	1	Characters/Avian1.png	7	5
thrusting saw	0	Objects/Trap0.png	4	3
thrusting saw	1	Objects/Trap1.png	4	3
thrusting spikes	0	Objects/Trap0.png	0	3
thrusting spikes	1	Objects/Trap1.png	1	3
thrusting teeth	0	Objects/Trap0.png	6	3
thrusting teeth	1	Objects/Trap1.png	6	3
tiger eye ring	0	Items/Ring.png	2	1
tiger shark	0	Characters/Aquatic0.png	2	1
tiger shark	1	Characters/Aquatic1.png	2	1
tiger	0	Characters/Cat0.png	3	0
tiger	1	Characters/Cat1.png	3	0
tin coffee cup	0	Items/Food.png	7	1
tin opener	0	Items/Tool.png	1	1
tin wand	0	Items/Wand.png	0	1
tin whistle	0	Items/Music.png	0	0
tin	0	Items/Food.png	5	4
tinfoil hat	0	Items/Money.png	0	4
tinning kit	0	Items/Tool.png	0	1
tiny spikes	0	Objects/Trap0.png	2	3
tiny spikes	1	Objects/Trap1.png	2	3
titan	0	Characters/Humanoid0.png	7	0
titan	1	Characters/Humanoid1.png	7	0
titanothere	0	Characters/Quadraped0.png	0	10
titanothere	1	Characters/Quadraped1.png	0	10
toes	0	Items/Flesh.png	2	1
tomato	0	Items/Food.png	6	2
tooled horn	0	Items/Music.png	0	1
topaz ring	0	Items/Ring.png	1	2
totally dark tile	0	GUI/GUI0.png	2	8
totally lit tile	0	Objects/Tile.png	5	2
touchstone	0	Items/Money.png	4	4
tourist	0	Characters/Player0.png	6	1
tourist	1	Characters/Player1.png	6	1
towel	0	Items/Tool.png	4	0
town	0	Objects/Map0.png	8	12
toxic cloud	0	Objects/Effect0.png	2	24
toxic cloud	1	Objects/Effect1.png	2	24
trap door tile	0	Objects/Trap0.png	5	2
trident	0	Items/LongWep.png	6	0
troll	0	Characters/Humanoid0.png	0	7
troll	1	Characters/Humanoid1.png	0	7
trunk a	0	Objects/Decor0.png	2	9
trunk b	0	Objects/Decor0.png	3	9
tsetse fly	0	Characters/Pest0.png	4	1
tsetse fly	1	Characters/Pest1.png	4	1
tsurugi	0	Items/LongWep.png	4	1
tunnel worm	0	Characters/Pest0.png	7	0
tunnel worm	1	Characters/Pest1.png	7	0
turbulent pool center	0	Objects/Pit0.png	1	29
turbulent pool center	1	Objects/Pit1.png	1	29
turbulent pool divider	0	Objects/Pit0.png	6	28
turbulent pool divider	1	Objects/Pit1.png	6	28
turbulent pool left down	0	Objects/Pit0.png	5	28
turbulent pool left down	1	Objects/Pit1.png	5	28
turbulent pool left right up	0	Objects/Pit0.png	4	28
turbulent pool left right up	1	Objects/Pit1.png	4	28
turbulent pool left right	0	Objects/Pit0.png	4	29
turbulent pool left right	1	Objects/Pit1.png	4	29
turbulent pool left up	0	Objects/Pit0.png	0	28
turbulent pool left up	1	Objects/Pit1.png	0	28
turbulent pool left	0	Objects/Pit0.png	0	29
turbulent pool left	1	Objects/Pit1.png	0	29
turbulent pool right down	0	Objects/Pit0.png	7	28
turbulent pool right down	1	Objects/Pit1.png	7	28
turbulent pool right up	0	Objects/Pit0.png	2	28
turbulent pool right up	1	Objects/Pit1.png	2	28
turbulent pool right	0	Objects/Pit0.png	2	29
turbulent pool right	1	Objects/Pit1.png	2	29
turbulent pool up	0	Objects/Pit0.png	1	28
turbulent pool up	1	Objects/Pit1.png	1	28
tusk	0	Items/Flesh.png	4	8
twisted ring	0	Items/Ring.png	6	2
two handed sword	0	Items/LongWep.png	3	1
twoflower	0	Characters/Player0.png	6	8
twoflower	1	Characters/Player1.png	6	8
umber hulk	0	Characters/Misc0.png	0	5
umber hulk	1	Characters/Misc1.png	0	5
umbrella mushroom	0	Items/Food.png	0	1
ungenomold	0	Characters/Plant0.png	2	6
ungenomold	1	Characters/Plant1.png	2	6
unicorn horn	0	Items/ShortWep.png	2	1
unique ring a	0	Items/Ring.png	7	3
unique ring b	0	Items/Ring.png	0	4
unique ring c	0	Items/Ring.png	1	4
unique ring d	0	Items/Ring.png	2	4
unique ring e	0	Items/Ring.png	3	4
unique ring f	0	Items/Ring.png	4	4
unique ring g	0	Items/Ring.png	5	4
unique ring h	0	Items/Ring.png	6	4
unique ring i	0	Items/Ring.png	7	4
unique ring j	0	Items/Ring.png	0	5
unique ring k	0	Items/Ring.png	1	5
unique ring l	0	Items/Ring.png	2	5
unique ring m	0	Items/Ring.png	3	5
unknown metal tube	0	Items/Rock.png	0	1
up marker	0	GUI/GUI0.png	1	6
up marker	1	GUI/GUI1.png	1	6
uranium imp	0	Characters/Misc0.png	3	1
uranium imp	1	Characters/Misc1.png	3	1
uranium ore	0	Items/Rock.png	0	0
uranium wand	0	Items/Wand.png	0	2
uruk	0	Characters/Humanoid0.png	6	4
uruk	1	Characters/Humanoid1.png	6	4
valkyrie	0	Characters/Player0.png	4	0
valkyrie	1	Characters/Player1.png	4	0
vampire bat	0	Characters/Avian0.png	2	11
vampire bat	1	Characters/Avian1.png	2	11
vampire lord	0	Characters/Undead0.png	1	3
vampire lord	1	Characters/Undead1.png	1	3
vampire mage	0	Characters/Undead0.png	2	3
vampire mage	1	Characters/Undead1.png	2	3
vampire	0	Characters/Undead0.png	0	3
vampire	1	Characters/Undead1.png	0	3
van helsing	0	Characters/Player0.png	5	7
van helsing	1	Characters/Player1.png	5	7
very dark tile	0	Objects/Tile.png	1	2
very lit tile	0	Objects/Tile.png	4	2
vicious black boar	0	Characters/Quadraped0.png	7	0
vicious black boar	1	Characters/Quadraped1.png	7	0
violet fungus	0	Characters/Slime0.png	5	0
violet fungus	1	Characters/Slime1.png	5	0
violet ore left right	0	Objects/Ore0.png	8	5
violet ore left right	1	Objects/Ore0.png	8	6
violet ore left	0	Objects/Ore0.png	6	5
violet ore left	1	Objects/Ore0.png	6	6
violet ore right	0	Objects/Ore0.png	7	5
violet ore right	1	Objects/Ore0.png	7	6
violet ore up	0	Objects/Ore0.png	5	5
violet ore up	1	Objects/Ore0.png	5	6
visored helm	0	Items/Hat.png	5	0
vlad the impaler	0	Characters/Undead0.png	3	3
vlad the impaler	1	Characters/Undead1.png	3	3
volcanic cloud	0	Objects/Effect0.png	1	24
volcanic cloud	1	Objects/Effect1.png	1	24
vorpal jabberwock	0	Characters/Misc0.png	1	4
vorpal jabberwock	1	Characters/Misc1.png	1	4
vrock	0	Characters/Demon0.png	2	0
vrock	1	Characters/Demon1.png	2	0
vulgar polearm	0	Items/LongWep.png	0	2
walking stick	0	Characters/Pest0.png	0	1
walking stick	1	Characters/Pest1.png	0	1
wall calendar	0	Items/Book.png	7	6
war hammer	0	Items/LongWep.png	0	6
war	0	Characters/Undead0.png	2	7
war	1	Characters/Undead1.png	2	7
ward a	0	Objects/Effect0.png	4	23
ward a	1	Objects/Effect1.png	4	23
ward b	0	Objects/Effect0.png	5	23
ward b	1	Objects/Effect1.png	5	23
ward c	0	Objects/Effect0.png	6	23
ward c	1	Objects/Effect1.png	6	23
ward d	0	Objects/Effect0.png	7	23
ward d	1	Objects/Effect1.png	7	23
warg	0	Characters/Dog0.png	1	1
warg	1	Characters/Dog1.png	1	1
wasteland guide	0	Items/Book.png	2	1
watch captain	0	Characters/Humanoid0.png	5	5
watch captain	1	Characters/Humanoid1.png	5	5
watchman	0	Characters/Humanoid0.png	4	5
watchman	1	Characters/Humanoid1.png	4	5
water demon	0	Characters/Demon0.png	6	1
water demon	1	Characters/Demon1.png	6	1
water elemental	0	Characters/Elemental0.png	4	3
water elemental	1	Characters/Elemental1.png	4	3
water hulk	0	Characters/Misc0.png	1	5
water hulk	1	Characters/Misc1.png	1	5
water moccasin	0	Characters/Reptile0.png	3	4
water moccasin	1	Characters/Reptile1.png	3	4
water nymph	0	Characters/Humanoid0.png	1	11
water nymph	1	Characters/Humanoid1.png	1	11
water tome	0	Items/Book.png	1	2
water troll	0	Characters/Humanoid0.png	3	7
water troll	1	Characters/Humanoid1.png	3	7
waterskin	0	Items/Chest0.png	1	2
wave spikes	0	Objects/Trap0.png	3	3
wave spikes	1	Objects/Trap1.png	3	3
wax candle	0	Items/Light.png	1	0
wax golem	0	Characters/Elemental0.png	2	0
wax golem	1	Characters/Elemental1.png	2	0
webbing a	0	Objects/Decor0.png	0	19
webbing b	0	Objects/Decor0.png	1	19
webbing c	0	Objects/Decor0.png	2	19
webbing d	0	Objects/Decor0.png	3	19
webbing e	0	Objects/Decor0.png	4	19
weeping angel	0	Characters/Humanoid0.png	0	17
weeping angel	1	Characters/Humanoid1.png	0	17
weeping archangel	0	Characters/Humanoid0.png	1	17
weeping archangel	1	Characters/Humanoid1.png	1	17
werebat	0	Characters/Avian0.png	3	11
werebat	1	Characters/Avian1.png	3	11
werecat	0	Characters/Cat0.png	1	4
werecat	1	Characters/Cat1.png	1	4
werejackal	0	Characters/Dog0.png	5	0
werejackal	1	Characters/Dog1.png	5	0
wererat	0	Characters/Rodent0.png	0	3
wererat	1	Characters/Rodent1.png	0	3
weretiger	0	Characters/Cat0.png	0	4
weretiger	1	Characters/Cat1.png	0	4
werewolf	0	Characters/Dog0.png	5	1
werewolf	1	Characters/Dog1.png	5	1
wet burst c	0	Objects/Effect0.png	1	7
wet burst c	1	Objects/Effect1.png	1	7
wet burst e	0	Objects/Effect0.png	2	7
wet burst e	1	Objects/Effect1.png	2	7
wet burst n	0	Objects/Effect0.png	1	6
wet burst n	1	Objects/Effect1.png	1	6
wet burst ne	0	Objects/Effect0.png	2	6
wet burst ne	1	Objects/Effect1.png	2	6
wet burst nw	0	Objects/Effect0.png	0	6
wet burst nw	1	Objects/Effect1.png	0	6
wet burst s	0	Objects/Effect0.png	1	8
wet burst s	1	Objects/Effect1.png	1	8
wet burst se	0	Objects/Effect0.png	2	8
wet burst se	1	Objects/Effect1.png	2	8
wet burst sw	0	Objects/Effect0.png	0	8
wet burst sw	1	Objects/Effect1.png	0	8
wet burst w	0	Objects/Effect0.png	0	7
wet burst w	1	Objects/Effect1.png	0	7
wet marker	0	GUI/GUI0.png	4	5
wet marker	1	GUI/GUI1.png	4	5
white black c	0	GUI/GUI0.png	2	8
white black e	0	GUI/GUI0.png	11	8
white black n	0	GUI/GUI0.png	10	7
white black ne	0	GUI/GUI0.png	11	7
white black nw	0	GUI/GUI0.png	9	7
white black s	0	GUI/GUI0.png	10	9
white black se	0	GUI/GUI0.png	11	9
white black square	0	GUI/GUI0.png	8	7
white black sw	0	GUI/GUI0.png	9	9
white black w	0	GUI/GUI0.png	9	8
white flowers	0	Objects/Ground0.png	0	2
white fungus dense	0	Objects/Tree0.png	7	31
white fungus ne se	0	Objects/Tree0.png	8	31
white fungus ne sw se	0	Objects/Tree0.png	8	32
white fungus ne sw	0	Objects/Tree0.png	11	32
white fungus ne	0	Objects/Tree0.png	10	31
white fungus nw ne se	0	Objects/Tree0.png	8	30
white fungus nw ne sw se	0	Objects/Tree0.png	9	30
white fungus nw ne sw	0	Objects/Tree0.png	6	30
white fungus nw ne	0	Objects/Tree0.png	7	30
white fungus nw se	0	Objects/Tree0.png	10	32
white fungus nw sw se	0	Objects/Tree0.png	6	32
white fungus nw sw	0	Objects/Tree0.png	6	31
white fungus nw	0	Objects/Tree0.png	11	31
white fungus se	0	Objects/Tree0.png	10	30
white fungus sw se	0	Objects/Tree0.png	7	32
white fungus sw	0	Objects/Tree0.png	11	30
white goat	0	Characters/Quadraped0.png	1	2
white goat	1	Characters/Quadraped1.png	1	2
white handed shield	0	Items/Shield.png	2	0
white naga	0	Characters/Reptile0.png	7	5
white naga	1	Characters/Reptile1.png	7	5
white nosed bat	0	Characters/Avian0.png	0	11
white nosed bat	1	Characters/Avian1.png	0	11
white potion	0	Items/Potion.png	7	2
white scroll	0	Items/Scroll.png	0	0
white sheep	0	Characters/Quadraped0.png	1	3
white sheep	1	Characters/Quadraped1.png	1	3
white unicorn	0	Characters/Quadraped0.png	1	4
white unicorn	1	Characters/Quadraped1.png	1	4
white wand	0	Items/Wand.png	6	5
wide book	0	Items/Book.png	0	6
wind tome	0	Items/Book.png	5	3
window center	0	Objects/Decor0.png	0	1
window frame center	0	Objects/Decor0.png	0	0
window frame inner	0	Objects/Decor0.png	3	0
window frame left	0	Objects/Decor0.png	1	0
window frame right	0	Objects/Decor0.png	2	0
window inner	0	Objects/Decor0.png	3	1
window left	0	Objects/Decor0.png	1	1
window right	0	Objects/Decor0.png	2	1
winged gargoyle	0	Characters/Misc0.png	2	1
winged gargoyle	1	Characters/Misc1.png	2	1
winged potion	0	Items/Potion.png	0	4
winter wolf	0	Characters/Dog0.png	3	1
winter wolf	1	Characters/Dog1.png	3	1
wire ring	0	Items/Ring.png	4	3
wisp	0	Characters/Undead0.png	0	4
wisp	1	Characters/Undead1.png	0	4
withered blizzard shrub	0	Characters/Plant0.png	5	0
withered blizzard shrub	1	Characters/Plant1.png	5	0
withered blizzard tree	0	Characters/Plant0.png	5	1
withered blizzard tree	1	Characters/Plant1.png	5	1
withered maelstrom shrub	0	Characters/Plant0.png	7	0
withered maelstrom shrub	1	Characters/Plant1.png	7	0
withered maelstrom tree	0	Characters/Plant0.png	7	1
withered maelstrom tree	1	Characters/Plant1.png	7	1
wizard hat	0	Items/Hat.png	1	2
wizard of yendor	0	Characters/Undead0.png	1	7
wizard of yendor	1	Characters/Undead1.png	1	7
wizard	0	Characters/Player0.png	6	0
wizard	1	Characters/Player1.png	6	0
wolf	0	Characters/Dog0.png	0	1
wolf	1	Characters/Dog1.png	0	1
wood elf	0	Characters/Humanoid0.png	1	6
wood elf	1	Characters/Humanoid1.png	1	6
wood golem	0	Characters/Elemental0.png	6	0
wood golem	1	Characters/Elemental1.png	6	0
wood nymph	0	Characters/Humanoid0.png	0	11
wood nymph	1	Characters/Humanoid1.png	0	11
woodchuck	0	Characters/Rodent0.png	4	0
woodchuck	1	Characters/Rodent1.png	4	0
wooden chair left	0	Objects/Decor0.png	0	7
wooden chair right	0	Objects/Decor0.png	2	7
wooden door frame	0	Objects/Door0.png	6	0
wooden flute	0	Items/Music.png	2	0
wooden harp	0	Items/Music.png	0	3
wooden ring	0	Items/Ring.png	0	0
wooden table	0	Objects/Decor0.png	1	7
woodpile	0	Objects/Decor0.png	6	11
worm tooth	0	Items/ShortWep.png	3	1
worn book	0	Items/Book.png	2	0
wraith	0	Characters/Undead0.png	0	6
wraith	1	Characters/Undead1.png	0	6
wumpus	0	Characters/Quadraped0.png	0	11
wumpus	1	Characters/Quadraped1.png	0	11
wyvern armor	0	Items/Armor.png	1	0
wyvern scales	0	Items/Armor.png	1	2
wyvern	0	Characters/Reptile0.png	3	0
wyvern	1	Characters/Reptile1.png	3	0
xan	0	Characters/Pest0.png	1	6
xan	1	Characters/Pest1.png	1	6
xorn	0	Characters/Elemental0.png	1	8
xorn	1	Characters/Elemental1.png	1	8
yeenoghu	0	Characters/Demon0.png	5	0
yeenoghu	1	Characters/Demon1.png	5	0
yellow black c	0	GUI/GUI0.png	2	8
yellow black e	0	GUI/GUI0.png	3	17
yellow black n	0	GUI/GUI0.png	2	16
yellow black ne	0	GUI/GUI0.png	3	16
yellow black nw	0	GUI/GUI0.png	1	16
yellow black s	0	GUI/GUI0.png	2	18
yellow black se	0	GUI/GUI0.png	3	18
yellow black square	0	GUI/GUI0.png	0	16
yellow black sw	0	GUI/GUI0.png	1	18
yellow black w	0	GUI/GUI0.png	1	17
yellow light	0	Characters/Elemental0.png	0	10
yellow light	1	Characters/Elemental1.png	0	10
yellow mold	0	Characters/Slime0.png	2	0
yellow mold	1	Characters/Slime1.png	2	0
yellow mound alone	0	Objects/Hill0.png	15	3
yellow mound c	0	Objects/Hill0.png	13	4
yellow mound e	0	Objects/Hill0.png	14	4
yellow mound n	0	Objects/Hill0.png	13	3
yellow mound ne	0	Objects/Hill0.png	14	3
yellow mound nw	0	Objects/Hill0.png	12	3
yellow mound s	0	Objects/Hill0.png	13	5
yellow mound se	0	Objects/Hill0.png	14	5
yellow mound sw	0	Objects/Hill0.png	12	5
yellow mound w	0	Objects/Hill0.png	12	4
yellow ore left right	0	Objects/Ore0.png	3	3
yellow ore left right	1	Objects/Ore1.png	3	3
yellow ore left	0	Objects/Ore0.png	1	3
yellow ore left	1	Objects/Ore1.png	1	3
yellow ore right	0	Objects/Ore0.png	2	3
yellow ore right	1	Objects/Ore1.png	2	3
yellow ore up	0	Objects/Ore0.png	0	3
yellow ore up	1	Objects/Ore1.png	0	3
yellow pages	0	Items/Book.png	4	1
yellow peak alone	0	Objects/Hill0.png	7	0
yellow peak c	0	Objects/Hill0.png	5	1
yellow peak e	0	Objects/Hill0.png	6	1
yellow peak n	0	Objects/Hill0.png	5	0
yellow peak ne	0	Objects/Hill0.png	6	0
yellow peak nw	0	Objects/Hill0.png	4	0
yellow peak s	0	Objects/Hill0.png	5	2
yellow peak se	0	Objects/Hill0.png	6	2
yellow peak sw	0	Objects/Hill0.png	4	2
yellow peak w	0	Objects/Hill0.png	4	1
yellow potion	0	Items/Potion.png	3	0
yellow scroll	0	Items/Scroll.png	4	1
yellow snowcap alone	0	Objects/Hill0.png	7	6
yellow snowcap c	0	Objects/Hill0.png	5	7
yellow snowcap e	0	Objects/Hill0.png	6	7
yellow snowcap n	0	Objects/Hill0.png	5	6
yellow snowcap ne	0	Objects/Hill0.png	6	6
yellow snowcap nw	0	Objects/Hill0.png	4	6
yellow snowcap s	0	Objects/Hill0.png	5	8
yellow snowcap se	0	Objects/Hill0.png	6	8
yellow snowcap sw	0	Objects/Hill0.png	4	8
yellow snowcap w	0	Objects/Hill0.png	4	7
yellow volcano alone	0	Objects/Hill0.png	7	12
yellow volcano alone	1	Objects/Hill1.png	7	12
yellow volcano c	0	Objects/Hill0.png	5	13
yellow volcano c	1	Objects/Hill1.png	5	13
yellow volcano e	0	Objects/Hill0.png	6	13
yellow volcano e	1	Objects/Hill1.png	6	13
yellow volcano n	0	Objects/Hill0.png	5	12
yellow volcano n	1	Objects/Hill1.png	5	12
yellow volcano ne	0	Objects/Hill0.png	6	12
yellow volcano ne	1	Objects/Hill1.png	6	12
yellow volcano nw	0	Objects/Hill0.png	4	12
yellow volcano nw	1	Objects/Hill1.png	4	12
yellow volcano s	0	Objects/Hill0.png	5	14
yellow volcano s	1	Objects/Hill1.png	5	14
yellow volcano se	0	Objects/Hill0.png	6	14
yellow volcano se	1	Objects/Hill1.png	6	14
yellow volcano sw	0	Objects/Hill0.png	4	14
yellow volcano sw	1	Objects/Hill1.png	4	14
yellow volcano w	0	Objects/Hill0.png	4	13
yellow volcano w	1	Objects/Hill1.png	4	13
yeoman	0	Characters/Player0.png	2	3
yeoman	1	Characters/Player1.png	2	3
yes box	0	GUI/GUI0.png	12	2
yes box	1	GUI/GUI1.png	12	2
yeti	0	Characters/Humanoid0.png	1	21
yeti	1	Characters/Humanoid1.png	1	21
young corn stalk	0	Objects/Ground0.png	4	4
young fruit tree	0	Objects/Ground0.png	2	4
young herb cluster	0	Objects/Ground0.png	0	4
young leafy vegetable	0	Objects/Ground0.png	0	3
young root vegetable	0	Objects/Ground0.png	4	3
young vine vegetable	0	Objects/Ground0.png	2	3
zap beam h	0	Objects/Effect0.png	5	18
zap beam h	1	Objects/Effect1.png	5	18
zap beam l	0	Objects/Effect0.png	6	18
zap beam l	1	Objects/Effect1.png	6	18
zap beam r	0	Objects/Effect0.png	7	18
zap beam r	1	Objects/Effect1.png	7	18
zap beam v	0	Objects/Effect0.png	4	18
zap beam v	1	Objects/Effect1.png	4	18
zinc wand	0	Items/Wand.png	6	1
zruty	0	Characters/Misc0.png	0	7
zruty	1	Characters/Misc1.png	0	7
